,word,phonetic
0,"a, an", [ə；æn]
1,abandon, [əˈbændən]
2,ability, [əˈbɪləti]
3,able,[ˈeɪbl]
4,about ,[əˈbaʊt]
5,above, [əˈbʌv]
6,abroad , [əˈbrɔːd]
7,absolute,[ˈæbsəluːt]
8,absolutely,[ˈæbsəluːtli]
9,academic ,[ˌækəˈdemɪk]
10,accept, [əkˈsept]
11,acceptable,[əkˈseptəbl]
12,access,[ˈækses]
13,accident ,[ˈæksɪdənt]
14,accommodation,[əˌkɑːməˈdeɪʃn]
15,accompany,[əˈkʌmpəni]
16,according to,[əˈkɔːrdɪŋ tə]
17,account , [əˈkaʊnt]
18,accurate,[ˈækjərət]
19,accuse ,[əˈkjuːz]
20,achieve ,[əˈtʃiːv]
21,achievement,[əˈtʃiːvmənt]
22,acknowledge,[əkˈnɑːlɪdʒ]
23,acquire ,[əˈkwaɪər]
24,across,[əˈkrɔːs]
25,act,[ækt]
26,action, [ˈækʃn]
27,active,[ˈæktɪv]
28,activity,[ækˈtɪvəti]
29,actor,[ˈæktər]
30,actress,[ˈæktrəs]
31,actual ,[ˈæktʃuəl]
32,actually,[ˈæktʃuəli]
33,ad,[æd]
34,adapt,[əˈdæpt]
35,add ,[æd]
36,addition, [əˈdɪʃn]
37,additional,[əˈdɪʃənl]
38,address ," [əˈdres,ˈædres]"
39,administration ,[ədˌmɪnɪˈstreɪʃn]
40,admire,[ədˈmaɪər]
41,admit ,[ədˈmɪt]
42,adopt,[əˈdɑːpt]
43,adult,"[əˈdʌlt,ˈædʌlt]"
44,advance, [ədˈvæns]
45,advanced,[ədˈvænst]
46,advantage,[ədˈvæntɪdʒ]
47,adventure,[ədˈventʃər]
48,advertise, [ˈædvərtaɪz]
49,advertisement,[ˌædvərˈtaɪzmənt]
50,advertising,[ˈædvərtaɪzɪŋ]
51,advice,[ədˈvaɪs]
52,advise,[ədˈvaɪz]
53,affair,[əˈfer]
54,affect,[əˈfekt]
55,afford, [əˈfɔːrd]
56,afraid, [əˈfreɪd]
57,after, [ˈæftər]
58,afternoon,[ˌæftərˈnuːn]
59,afterwards,[ˈæftərwərdz]
60,again,"[əˈɡen,əˈɡeɪn]"
61,against,"[əˈɡenst,əˈɡeɪnst]"
62,age, [eɪdʒ]
63,aged,['edʒɪd]
64,agency,[ˈeɪdʒənsi]
65,agenda,[əˈdʒendə]
66,agent,[ˈeɪdʒənt]
67,aggressive, [əˈɡresɪv]
68,ago,[əˈɡoʊ]
69,agree,[əˈɡriː]
70,agreement,[əˈɡriːmənt]
71,ah,[ɑː]
72,ahead,[əˈhed]
73,aid,[eɪd]
74,aim,[eɪm]
75,air, [er]
76,aircraft,[ˈerkræft]
77,airline,[ˈerlaɪn]
78,airport,[ˈerpɔːrt]
79,alarm,[əˈlɑːrm]
80,album,[ˈælbəm]
81,alcohol,[ˈælkəhɔːl]
82,alcoholic, [ˌælkəˈhɑːlɪk]
83,alive,[əˈlaɪv]
84,all,[ɔːl]
85,all,[ɔːl]
86,allow,[əˈlaʊ]
87,almost,[ˈɔːlmoʊst]
88,alone,[əˈloʊn]
89,along,[əˈlɔːŋ]
90,already,[ɔːlˈredi]
91,also,[ˈɔːlsoʊ]
92,alter,[ˈɔːltər]
93,alternative, [ɔːlˈtɜːrnətɪv]
94,although, [ɔːlˈðoʊ]
95,always,[ˈɔːlweɪz]
96,amazed,[əˈmeɪzd]
97,amazing, [əˈmeɪzɪŋ]
98,ambition,[æmˈbɪʃn]
99,ambitious, [æmˈbɪʃəs]
100,among,[əˈmʌŋ]
101,amount,[əˈmaʊnt]
102,analyse,[ˈænəlaɪz]
103,analysis,[əˈnæləsɪs]
104,ancient,[ˈeɪnʃənt]
105,and,[ænd]
106,anger,[ˈæŋɡər]
107,angle,[ˈæŋɡl]
108,angry,[ˈæŋɡri]
109,animal,[ˈænɪml]
110,ankle,[ˈæŋkl]
111,anniversary,[ˌænɪˈvɜːrsəri]
112,announce,[əˈnaʊns]
113,announcement,[əˈnaʊnsmənt]
114,annoy,[əˈnɔɪ]
115,annoyed,[əˈnɔɪd]
116,annoying,[əˈnɔɪɪŋ]
117,annual,[ˈænjuəl]
118,another, [əˈnʌðər]
119,answer,[ˈænsər]
120,anxious,[ˈæŋkʃəs]
121,any,[ˈeni]
122,anybody,"[ˈenibɑːdi,ˈenibʌdi]"
123,any,[ˈeni]
124,anyone,[ˈeniwʌn]
125,anything,[ˈeniθɪŋ]
126,anyway,[ˈeniweɪ]
127,anywhere,[ˈeniwer]
128,apart,[əˈpɑːrt]
129,apartment,[əˈpɑːrtmənt]
130,apologize, [əˈpɑːlədʒaɪz]
131,app,[æp]
132,apparent,[əˈpærənt]
133,apparently,[əˈpærəntli]
134,appeal,[əˈpiːl]
135,appear,[əˈpɪr]
136,appearance, [əˈpɪrəns]
137,apple,[ˈæpl]
138,application,[ˌæplɪˈkeɪʃn]
139,apply,[əˈplaɪ]
140,appointment,[əˈpɔɪntmənt]
141,appreciate,[əˈpriːʃieɪt]
142,approach,[əˈproʊtʃ]
143,appropriate,[əˈproʊpriət]
144,approval, [əˈpruːvl]
145,approve,[əˈpruːv]
146,approximately,[əˈprɑːksɪmətli]
147,April,[ˈeɪprəl]
148,architect,[ˈɑːrkɪtekt]
149,architecture,[ˈɑːrkɪtektʃər]
150,area,[ˈeriə]
151,argue,[ˈɑːrɡjuː]
152,argument,[ˈɑːrɡjumənt]
153,arise,[əˈraɪz]
154,arm,[ɑːrm]
155,armed, [ɑːrmd]
156,arms,[ɑːrmz]
157,army,[ˈɑːrmi]
158,around,[əˈraʊnd]
159,arrange,[əˈreɪndʒ]
160,arrangement, [əˈreɪndʒmənt]
161,arrest,[əˈrest]
162,arrival,[əˈraɪvl]
163,arrive,[əˈraɪv]
164,art, [ɑːrt]
165,article, [ˈɑːrtɪkl]
166,artificial, [ˌɑːrtɪˈfɪʃl]
167,artist,[ˈɑːrtɪst]
168,artistic, [ɑːrˈtɪstɪk]
169,as,"[əz,æz]"
170,ashamed,[əˈʃeɪmd]
171,asleep, [əˈsliːp]
172,ask,[æsk]
173,aspect,[ˈæspekt]
174,assess,[əˈses]
175,assessment,[əˈsesmənt]
176,assignment,[əˈsaɪnmənt]
177,assist, [əˈsɪst]
178,assistant,[əˈsɪstənt]
179,associate, [əˈsoʊsieɪt]
180,associated, [əˈsoʊsieɪtɪd]
181,association,[əˌsoʊsiˈeɪʃn]
182,assume,[əˈsuːm]
183,at,[æt]
184,athlete,[ˈæθliːt]
185,atmosphere, [ˈætməsfɪr]
186,attach, [əˈtætʃ]
187,attack,[əˈtæk]
188,attempt,[əˈtempt]
189,attend,[əˈtend]
190,attention,[əˈtenʃn]
191,attitude, [ˈætɪtuːd]
192,attract,[əˈtrækt]
193,attraction, [əˈtrækʃn]
194,attractive, [əˈtræktɪv]
195,audience, [ˈɔːdiəns]
196,August, [ɔːˈɡʌst]
197,aunt, [ænt]
198,author, [ˈɔːθər]
199,authority, [əˈθɔːrəti]
200,autumn, [ˈɔːtəm]
201,available, [əˈveɪləbl]
202,average, [ˈævərɪdʒ]
203,avoid,[əˈvɔɪd]
204,award, [əˈwɔːrd]
205,aware,[əˈwer]
206,away,[əˈweɪ]
207,awful, [ˈɔːfl]
208,baby,[ˈbeɪbi]
209,back,[bæk]
210,background,[ˈbækɡraʊnd]
211,backwards,[ˈbækwərdz]
212,bacteria,[bækˈtɪriə]
213,bad,bæd
214,badly,[ˈbædli]
215,bag,[bæɡ]
216,bake,[beɪk]
217,balance,[ˈbæləns]
218,ball,[/bɔːl]
219,ban,[bæn]
220,banana,[bəˈnænə]
221,band,[bænd]
222,bank,[bæŋk]
223,bank,[bæŋk]
224,bar,[bɑːr]
225,barrier,[ˈbæriər]
226,base,[beɪs]
227,baseball,[ˈbeɪsbɔːl]
228,based,[beɪst]
229,basketball,[ˈbæskɪtbɔːl]
230,basic,[ˈbeɪsɪk]
231,basically,[ˈbeɪsɪkli]
232,basis,[ˈbeɪsɪs]
233,bath,[bæθ]
234,bathroom,"[ˈbæθruːm,ˈbæθrʊm]"
235,battery,[ˈbætəri]
236,battle,[ˈbætl]
237,be,"[bi,biː]"
238,beach,[biːtʃ]
239,bean,[biːn]
240,bear,[ber]
241,bear,[ber]
242,beat,[biːtʃ]
243,beautiful,[ˈbjuːtɪfl]
244,beauty,[ˈbjuːti]
245,because,"[bɪˈkəz,bɪˈkɔːz]"
246,become,[bɪˈkʌm]
247,bed,[bed]
248,bedroom,"[ˈbedruːm,ˈbedrʊm]"
249,bee,[biː]
250,beef,[biːf]
251,beer,[bɪr]
252,before,[bɪˈfɔːr]
253,beg,[beɡ]
254,begin,[bɪˈɡɪn]
255,beginning,[bɪˈɡɪnɪŋ]
256,behave,[bɪˈheɪv]
257,behaviour,[bɪˈheɪvjər]
258,behind,[bɪˈhaɪnd]
259,being,[ˈbiːɪŋ]
260,belief,[bɪˈliːf]
261,believe,[bɪˈliːv]
262,bell,[bel]
263,belong,[bɪˈlɔːŋ]
264,below,[bɪˈloʊ]
265,belt,[belt]
266,bend,[bend]
267,benefit,[ˈbenɪfɪt]
268,bent,[bent]
269,best,[best]
270,bet,[bet]
271,better,[ˈbetər]
272,between,[bɪˈtwiːn]
273,beyond,[bɪˈjɑːnd]
274,bicycle,[ˈbaɪsɪkl]
275,big,[bɪɡ]
276,bike,[baɪk]
277,bill,[bɪl]
278,billion,[ˈbɪljən]
279,bin,[biːn]
280,biology,[baɪˈɑːlədʒi]
281,bird,[bɜːrd]
282,birth,[bɜːrθ]
283,birthday,[ˈbɜːrθdeɪ]
284,biscuit,[ˈbɪskɪt]
285,bit,[bɪt]
286,bite,baɪt
287,bitter,[ˈbɪtər]
288,black,[blæk]
289,blame,[bleɪm]
290,blank,[blæŋk]
291,blind,[blaɪnd]
292,block,[blɑːk]
293,blog,[blɑːɡ]
294,blonde,[blɑːnd]
295,blood,[blʌd]
296,blow,[bloʊ]
297,blue,[bluː]
298,board,[bɔːrd]
299,boat,[boʊt]
300,body, [ˈbɑːdi]
301,boil,[bɔɪl]
302,bomb,[bɑːm]
303,bond,[bɑːnd]
304,bone,[boʊn]
305,book,[bʊk]
306,boot,[buːt]
307,border,[ˈbɔːrdər]
308,bored,[bɔːrd]
309,boring,[ˈbɔːrɪŋ]
310,born,[bɔːrn]
311,borrow,[ˈbɔːroʊ]
312,boss,[bɔːs]
313,both,[boʊθ]
314,bother,[ˈbɑːðər]
315,bottle,[ˈbɑːtl]
316,bottom,[ˈbɑːtəm]
317,bowl,[boʊl]
318,box,[bɑːks]
319,boy,[bɔɪ]
320,boyfriend,[ˈbɔɪfrend] 
321,brain,[breɪn]
322,branch,[bræntʃ]
323,brand,[brænd]
324,brave,[breɪv]
325,bread,[bred]
326,break,[breɪk]
327,breakfast,[ˈbrekfəst]
328,breast,[brest]
329,breath,[breθ]
330,breathe,[briːð]
331,breathing,[ˈbriːðɪŋ]
332,bride,[braɪd]
333,bridge,[brɪdʒ]
334,brief, [briːf]
335,bright,[braɪt]
336,brilliant,[ˈbrɪliənt]
337,bring, [brɪŋ]
338,broad,[brɔːd]
339,broadcast, [ˈbrɔːdkæst]
340,broken,[ˈbroʊkən]
341,brother, [ˈbrʌðər]
342,brown, [braʊn]
343,brush,[brʌʃ]
344,bubble,[ˈbʌbl]
345,budget,[ˈbʌdʒɪt]
346,build,[bɪld]
347,building,[ˈbɪldɪŋ]
348,bullet,[ˈbʊlɪt]
349,bunch,[bʌntʃ]
350,burn, [bɜːrn]
351,bury,[ˈberi]
352,bus,[bʌs]
353,bush,[bʊʃ]
354,business, [ˈbɪznəs]
355,businessman,[ˈbɪznəsmæn]
356,busy,[ˈbɪzi]
357,but,[bʌt]
358,butter,[ˈbʌtər]
359,button,[ˈbʌtn]
360,buy,[baɪ]
361,by,[baɪ]
362,bye,[baɪ]
363,cable,[ˈkeɪbl]
364,cafe,[kæˈfeɪ]
365,cake,[keɪk]
366,calculate, [ˈkælkjuleɪt]
367,call,[kɔːl]
368,calm,[kɑːm]
369,camera,[ˈkæmrə]
370,camp, [kæmp]
371,campaign,[kæmˈpeɪn]
372,camping,[ˈkæmpɪŋ]
373,campus,[ˈkæmpəs]
374,can,[kæn]
375,can,[kæn]
376,cancel,[ˈkænsl]
377,cancer,[ˈkænsər]
378,candidate, [ˈkændɪdeɪt]
379,cannot,[ˈkænɑːt]
380,cap, [kæp]
381,capable,[ˈkeɪpəbl]
382,capacity,[kəˈpæsəti]
383,capital,[ˈkæpɪtl]
384,captain,[ˈkæptɪn]
385,capture,[ˈkæptʃər]
386,car,[kɑːr]
387,card,[kɑːrd]
388,care,[ker]
389,career,[kəˈrɪr]
390,careful,[ˈkerfl]
391,carefully,[ˈkerfəli]
392,careless,[ˈkerləs]
393,carpet,[ˈkɑːrpɪt]
394,carrot,[ˈkærət]
395,carry, [ˈkæri]
396,cartoon,[kɑːrˈtuːn]
397,case,[keɪs]
398,cash,[kæʃ]
399,cast,[kæst]
400,castle,[ˈkæsl]
401,cat,[kæt]
402,catch,[kætʃ]
403,category,[ˈkætəɡɔːri]
404,cause,[kɔːz]
405,CD,[ˌsiː ˈdiː]
406,ceiling, [ˈsiːlɪŋ]
407,celebrate,[ˈselɪbreɪt]
408,celebration,[ˌselɪˈbreɪʃn]
409,celebrity,[səˈlebrəti]
410,cell, [sel]
411,cent,[sent]
412,central,[ˈsentrəl]
413,centre,[ˈsentər]
414,century, [ˈsentʃəri]
415,ceremony,[ˈserəmoʊni]
416,certain,[ˈsɜːrtn]
417,certainly, [ˈsɜːrtnli]
418,chain, [tʃeɪn]
419,chair, [tʃer]
420,chairman,[ˈtʃermən]
421,challenge,[ˈtʃælɪndʒ]
422,champion, [ˈtʃæmpiən]
423,chance,[tʃæns]
424,change, [tʃeɪndʒ]
425,channel,[ˈtʃænl]
426,chapter,[ˈtʃæptər]
427,character,[ˈkærəktər]
428,characteristic, [ˌkærəktəˈrɪstɪk]
429,charge,[tʃɑːrdʒ]
430,charity,[ˈtʃærəti]
431,chart,[tʃɑːrt]
432,chat,[tʃæt]
433,cheap, [tʃiːp]
434,cheat,[tʃiːt]
435,check, [tʃek]
436,chef, [ʃef]
437,cheerful,[ˈtʃɪrfl]
438,cheese,[tʃiːz]
439,chemical,[ˈkemɪkl]
440,chemistry,[ˈkemɪstri]
441,chest, [tʃest]
442,chicken,[ˈtʃɪkɪn]
443,chief, [tʃiːf]
444,child,[tʃaɪld]
445,childhood,[ˈtʃaɪldhʊd]
446,chip,[tʃɪp]
447,chocolate,[ˈtʃɔːklət]
448,choice,[tʃɔɪs]
449,choose,[tʃuːz]
450,church,[tʃɜːrtʃ]
451,cigarette, [ˈsɪɡəret]
452,cinema, [ˈsɪnəmə]
453,circle, [ˈsɜːrkl]
454,circumstance,[ˈsɜːrkəmstæns]
455,cite,[saɪt]
456,citizen, [ˈsɪtɪzn]
457,city,[ˈsɪti]
458,civil,[ˈsɪvl]
459,claim, [kleɪm]
460,class,[klæs]
461,classic, [ˈklæsɪk]
462,classical,[ˈklæsɪkl]
463,classroom,"[ˈklæsruːm,ˈklæsrʊm]"
464,clause,[klɔːz]
465,clean,[kliːn]
466,clear,[klɪr]
467,clearly,[ˈklɪrli]
468,clever,[ˈklevər]
469,click,[klɪk]
470,client,[ˈklaɪənt]
471,climate,[ˈklaɪmət]
472,climb,[klaɪm]
473,clock,[klɑːk]
474,close1, [kloz]
475,close2, [kloz]
476,closed,[kloʊzd]
477,closely,[ˈkloʊsli]
478,cloth,[klɔːθ]
479,clothes," [kloʊðz,kloʊz]"
480,clothing, [ˈkloʊðɪŋ]
481,cloud,[klaʊd]
482,club,[klʌb]
483,clue,[kluː]
484,coach,[koʊtʃ]
485,coal,[koʊl]
486,coast,[koʊst]
487,coat,[koʊt]
488,code,[koʊd]
489,coffee,[ˈkɔːfi]
490,coin,[kɔɪn]
491,cold,[koʊld]
492,collapse,[kəˈlæps]
493,colleague,[ˈkɑːliːɡ]
494,collect,[kəˈlekt]
495,collection,[kəˈlekʃn]
496,college,[ˈkɑːlɪdʒ]
497,colour,[ˈkʌlər]
498,coloured,[ˈkʌlərd]
499,column,[ˈkɑːləm]
500,combination,[ˌkɑːmbɪˈneɪʃn]
501,combine,[kəmˈbaɪn]
502,come, [kʌm]
503,comedy,[ˈkɑːmədi]
504,comfort, [ˈkʌmfərt]
505,comfortable,[ˈkʌmftəbl]
506,command, [kəˈmænd]
507,comment, [ˈkɑːment]
508,commercial, [kəˈmɜːrʃl]
509,commission,[kəˈmɪʃn]
510,commit,[kəˈmɪt]
511,commitment,[kəˈmɪtmənt]
512,committee,[kəˈmɪti]
513,common,[ˈkɑːmən]
514,commonly,[ˈkɑːmənli]
515,communicate,[kəˈmjuːnɪkeɪt]
516,communication,[kəˌmjuːnɪˈkeɪʃn]
517,community, [kəˈmjuːnəti]
518,company,[ˈkʌmpəni]
519,compare,[kəmˈper]
520,comparison,[kəmˈpærɪsn]
521,compete,[kəmˈpiːt]
522,competition,[ˌkɑːmpəˈtɪʃn]
523,competitor,[kəmˈpetɪtər]
524,competitive,[kəmˈpetətɪv]
525,complain,[kəmˈpleɪn]
526,complaint,[kəmˈpleɪnt]
527,complete,[kəmˈpliːt]
528,completely,[kəmˈpliːtli]
529,complex,[kəmˈpleks]
530,complicated,[ˈkɑːmplɪkeɪtɪd]
531,component, [kəmˈpoʊnənt]
532,computer, [kəmˈpjuːtər]
533,concentrate,[ˈkɑːnsntreɪt]
534,concentration,[ˌkɑːnsnˈtreɪʃn]
535,concept, [ˈkɑːnsept]
536,concern,[kənˈsɜːrn]
537,concerned,[kənˈsɜːrnd]
538,concert, [ˈkɑːnsərt]
539,conclude,[kənˈkluːd]
540,conclusion, [kənˈkluːʒn]
541,condition, [kənˈdɪʃn]
542,conduct,[kənˈdʌkt]
543,conference,[ˈkɑːnfərəns]
544,confidence, [ˈkɑːnfɪdəns]
545,confident, [ˈkɑːnfɪdənt]
546,confirm,[kənˈfɜːrm]
547,conflict,[ˈkɑːnflɪkt]
548,confuse,[kənˈfjuːz]
549,confused,[kənˈfjuːzd]
550,confusing,[kənˈfjuːzɪŋ]
551,connect, [kəˈnekt]
552,connected, [kəˈnektɪd]
553,connection,[kəˈnekʃn]
554,conscious, [ˈkɑːnʃəs]
555,consequence, [ˈkɑːnsɪkwens]
556,conservative,[kənˈsɜːrvətɪv]
557,consider,[kənˈsɪdər]
558,consideration,[kənˌsɪdəˈreɪʃn]
559,consist,[kənˈsɪst]
560,consistent,[kənˈsɪstənt]
561,constant,[ˈkɑːnstənt]
562,constantly, [ˈkɑːnstəntli]
563,construct,[kənˈstrʌkt]
564,construction,[kənˈstrʌkʃn]
565,consume,[kənˈsuːm]
566,consumer,[kənˈsuːmər]
567,contact,[ˈkɑːntækt]
568,contain,[kənˈteɪn]
569,container, [kənˈteɪnər]
570,contemporary,[kənˈtempəreri]
571,content, ['kɑntɛnt]
572,contest,[ˈkɑːntest]
573,context,[ˈkɑːntekst]
574,continent,[ˈkɑːntɪnənt]
575,continue, [kənˈtɪnjuː]
576,continuous,[kənˈtɪnjuəs]
577,contract,[ˈkɑːntrækt]
578,contrast, [ˈkɑːntræst]
579,contribute,[kənˈtrɪbjuːt]
580,contribution,[ˌkɑːntrɪˈbjuːʃn]
581,control, [kənˈtroʊl]
582,convenient,[kənˈviːniənt]
583,conversation,[ˌkɑːnvərˈseɪʃn]
584,convert, [kənˈvɜːrt]
585,convince,[kənˈvɪns]
586,convinced, [kənˈvɪnst]
587,cook,[kʊk]
588,cooker,[ˈkʊkər]
589,cooking,[ˈkʊkɪŋ]
590,cool,[kuːl]
591,copy,[ˈkɑːpi]
592,core,[kɔːr]
593,corner, [ˈkɔːrnər]
594,corporate,[ˈkɔːrpərət]
595,correct,[kəˈrekt]
596,correctly,[kəˈrektli]
597,cost,[kɔːst]
598,costume,[ˈkɑːstuːm]
599,cottage,[ˈkɑːtɪdʒ]
600,cotton,[ˈkɑːtn]
601,could,"[kəd,kʊd]"
602,council,[ˈkaʊnsl]
603,count,[kaʊnt]
604,country, [ˈkʌntri]
605,countryside,[ˈkʌntrisaɪd]
606,county, [ˈkaʊnti]
607,couple,[ˈkʌpl]
608,courage,[ˈkɜːrɪdʒ]
609,course,[kɔːrs]
610,court, [kɔːrt]
611,cousin,[ˈkʌzn]
612,cover,[ˈkʌvər]
613,covered, [ˈkʌvərd]
614,cow,[kaʊ]
615,crash,[kræʃ]
616,crazy,[ˈkreɪzi]
617,cream, [kriːm]
618,create, [kriˈeɪt]
619,creation, [kriˈeɪʃn]
620,creative, [kriˈeɪtɪv]
621,creature,[ˈkriːtʃər]
622,credit,[ˈkredɪt]
623,crew,[kruː]
624,crime,[kraɪm]
625,criminal,[ˈkrɪmɪnl]
626,crisis,  [ˈkraɪsɪs]
627,criterion,[kraɪˈtɪriən]
628,critic,[ˈkrɪtɪk]
629,critical,[ˈkrɪtɪkl]
630,criticism,[ˈkrɪtɪsɪzəm]
631,criticize,[ˈkrɪtɪsaɪz]
632,crop, [krɑːp]
633,cross,[krɔːs]
634,crowd,[kraʊd]
635,crowded,[ˈkraʊdɪd]
636,crucial,[ˈkruːʃl]
637,cruel,[ˈkruːəl]
638,cry, [kraɪ]
639,cultural, [ˈkʌltʃərəl]
640,culture,[ˈkʌltʃər]
641,cup, [kʌp]
642,cupboard,[ˈkʌbərd]
643,cure,[kjʊr]
644,curly,[ˈkɜːrli]
645,currency,[ˈkɜːrənsi]
646,current,[ˈkɜːrənt]
647,currently,[ˈkɜːrəntli]
648,curtain, [ˈkɜːrtn]
649,curve,[kɜːrv]
650,curved,[kɜːrvd]
651,custom,[ˈkʌstəm]
652,customer, [ˈkʌstəmər]
653,cut,[kʌt]
654,cycle,[ˈsaɪkl]
655,dad,[dæd]
656,daily, [ˈdeɪli]
657,damage, [ˈdæmɪdʒ]
658,dance,[dæns]
659,dancer,[ˈdænsər]
660,dancing, [ˈdænsɪŋ]
661,danger, [ˈdeɪndʒər]
662,dangerous, [ˈdeɪndʒərəs]
663,dark,[dɑːrk]
664,data,"[ˈdeɪtə,ˈdætə]"
665,date,[deɪt]
666,daughter,[ˈdɔːtər]
667,day,[deɪ]
668,dead,[ded]
669,deal,[diːl]
670,dear,[dɪr]
671,death, [deθ]
672,debate,[dɪˈbeɪt]
673,debt,[det]
674,decade,"[ˈdekeɪd,dɪˈkeɪd]"
675,December,[dɪˈsembər]
676,decent,[ˈdiːsnt]
677,decide,[dɪˈsaɪd]
678,decision,[dɪˈsɪʒn]
679,declare, [dɪˈkler]
680,decline,[dɪˈklaɪn]
681,decorate, [ˈdekəreɪt]
682,decoration, [ˌdekəˈreɪʃn]
683,decrease,[dɪ'kris]
684,deep,[diːp]
685,deeply, [ˈdiːpli]
686,defeat, [dɪˈfiːt]
687,defence,  [dɪˈfens]
688,defend, [dɪˈfend]
689,define, [dɪˈfaɪn]
690,definite, [ˈdefɪnət]
691,definitely, [ˈdefɪnətli]
692,definition,[ˌdefɪˈnɪʃn]
693,degree,[dɪˈɡriː]
694,delay, [dɪˈleɪ]
695,deliberate,[dɪˈlɪbərət]
696,deliberately, [dɪˈlɪbərətli]
697,delicious,  [dɪˈlɪʃəs]
698,delight,[dɪˈlaɪt]
699,delighted,[dɪˈlaɪtɪd]
700,deliver, [dɪˈlɪvər]
701,delivery,[dɪˈlɪvəri]
702,demand, [dɪˈmænd]
703,demonstrate, [ˈdemənstreɪt]
704,dentist,[ˈdentɪst]
705,deny,[dɪˈnaɪ]
706,department, [dɪˈpɑːrtmənt]
707,departure, [dɪˈpɑːrtʃər]
708,depend, [dɪˈpend]
709,depressed,[dɪˈprest]
710,depressing, [dɪˈpresɪŋ]
711,depth, [depθ]
712,describe,[dɪˈskraɪb]
713,description, [dɪˈskrɪpʃn]
714,desert,"[ˈdezərt , dɪˈzɜːrt]"
715,deserve, [dɪˈzɜːrv]
716,design, [dɪˈzaɪn]
717,designer,[dɪˈzaɪnər]
718,desire,[dɪˈzaɪər]
719,desk,[desk]
720,desperate,[ˈdespərət]
721,despite,[dɪˈspaɪt]
722,destination, [ˌdestɪˈneɪʃn]
723,destroy,[dɪˈstrɔɪ]
724,detail,"[ˈdiːteɪl,dɪˈteɪl]"
725,detailed,"[ˈdiːteɪld,dɪˈteɪld]"
726,detect,[dɪˈtekt]
727,detective,[dɪˈtektɪv]
728,determine, [dɪˈtɜːrmɪn]
729,determined,[dɪˈtɜːrmɪnd]
730,develop,[dɪˈveləp]
731,development,[dɪˈveləpmənt]
732,device, [dɪˈvaɪs]
733,diagram, [ˈdaɪəɡræm]
734,dialogue,[ˈdaɪəlɔːɡ]
735,diamond, [ˈdaɪmənd]
736,diary,[ˈdaɪəri]
737,dictionary,[ˈdɪkʃəneri]
738,die,[daɪ]
739,diet,[ˈdaɪət]
740,difference,[ˈdɪfrəns]
741,different,[ˈdɪfrənt]
742,differently,[ˈdɪfrəntli]
743,difficult, [ˈdɪfɪkəlt]
744,difficulty,[ˈdɪfɪkəlti]
745,dig,[dɪɡ]
746,digital, [ˈdɪdʒɪtl]
747,dinner,[ˈdɪnər]
748,direct,"[dəˈrekt,daɪˈrekt]"
749,direction," [dəˈrekʃn,daɪˈrekʃn]"
750,directly," [dəˈrektli,daɪˈrektli]"
751,director," [dəˈrektər,daɪˈrektər]"
752,dirt,[dɜːrt]
753,dirty,[ˈdɜːrti]
754,disadvantage,  [ˌdɪsədˈvæntɪdʒ]
755,disagree, [ˌdɪsəˈɡriː]
756,disappear,[ˌdɪsəˈpɪr]
757,disappointed, [ˌdɪsəˈpɔɪntɪd]
758,disappointing,[ˌdɪsəˈpɔɪntɪŋ]
759,disaster,[dɪˈzæstər]
760,disc,[dɪsk]
761,discipline,[ˈdɪsəplɪn]
762,discount,[dɪs'kaʊnt]
763,discover,[dɪˈskʌvər]
764,discovery,[dɪˈskʌvəri]
765,discuss,[dɪˈskʌs]
766,discussion,[dɪˈskʌʃn]
767,disease,[dɪˈziːz]
768,dish,[dɪʃ]
769,dishonest, [dɪsˈɑːnɪst]
770,dislike,[dɪsˈlaɪk]
771,dismiss, [dɪsˈmɪs]
772,display,[dɪˈspleɪ]
773,distance, [ˈdɪstəns
774,distribute,"[dɪˈstrɪbjuːt,ˈdɪstrɪbjuːt]"
775,distribution, [ˌdɪstrɪˈbjuːʃn]
776,district, [ˈdɪstrɪkt]
777,divide, [dɪˈvaɪd]
778,division, [dɪˈvɪʒn]
779,divorced, [dɪˈvɔːrst]
780,do, [du]
781,doctor,[ˈdɑːktər]
782,document,[ˈdɑːkjumənt]
783,documentary,[ˌdɑːkjuˈmentri]
784,dog,[dɔːɡ]
785,dollar,[ˈdɑːlər]
786,domestic, [dəˈmestɪk]
787,dominate,[ˈdɑːmɪneɪt]
788,donate, [ˈdoʊneɪt]
789,door,[dɔːr]
790,double, [ˈdʌbl]
791,doubt,[daʊt]
792,down,[daʊn]
793,download,"[,daʊn'lod]"
794,downstairs,[ˌdaʊnˈsterz]
795,downwards,[ˈdaʊnwərdz]
796,dozen,[ˈdʌzn]
797,draft,[dræft]
798,drag,[dræɡ]
799,drama,[ˈdrɑːmə]
800,dramatic, [drəˈmætɪk]
801,draw,[drɔː]
802,drawing,[ˈdrɔːɪŋ]
803,dream,[driːm]
804,dress,[dres]
805,dressed,[drest]
806,drink,[drɪŋk]
807,drive,[draɪv]
808,driver,[ˈdraɪvər]
809,driving, [ˈdraɪvɪŋ]
810,drop,[drɑːp]
811,drug,[drʌɡ]
812,drum,[drʌm]
813,drunk,[drʌŋk]
814,dry, [draɪ]
815,due,[duː]
816,during,[ˈdʊrɪŋ]
817,dust,[dʌst]
818,duty,[ˈduːti]
819,DVD,[ˌdiː viː ˈdiː]
820,each,[iːtʃ
821,ear,[ɪr]
822,early,[ˈɜːrli]
823,earn,[ɜːrn]
824,earth,[ɜːrθ]
825,earthquake, [ˈɜːrθkweɪk]
826,easily,[ˈiːzəli]
827,east,[iːst]
828,eastern,[ˈiːstərn]
829,easy,[ˈiːzi]
830,eat, [iːt]
831,economic," [ˌiːkəˈnɑːmɪk,ˌekəˈnɑːmɪk]"
832,economy,[ɪˈkɑːnəmi]
833,edge,[edʒ]
834,edit,[ˈedɪt]
835,edition, [ɪˈdɪʃn]
836,editor,[ˈedɪtər]
837,educate,[ˈedʒukeɪt]
838,educated, [ˈedʒukeɪtɪd]
839,education,[ˌedʒuˈkeɪʃn]
840,educational,[ˌedʒuˈkeɪʃənl]
841,effect,[ɪˈfekt]
842,effective,[ɪˈfektɪv]
843,effectively,[ɪˈfektɪvli]
844,efficient,[ɪˈfɪʃnt]
845,effort,[ˈefərt]
846,egg,[eɡ]
847,eight,[eɪt]
848,eighteen,[ˌeɪˈtiːn]
849,eighty,[ˈeɪti]
850,either," [ˈiːðər,ˈaɪðər]"
851,elderly,[ˈeldərli]
852,elect,[ɪˈlekt]
853,election,[ɪˈlekʃn]
854,electric,[ɪˈlektrɪk]
855,electrical, [ɪˈlektrɪkl]
856,electricity,[ɪˌlekˈtrɪsəti]
857,electronic, [ɪˌlekˈtrɑːnɪk]
858,element,[ˈelɪmənt]
859,elephant,[ˈelɪfənt]
860,eleven, [ɪˈlevn]
861,else, [els]
862,elsewhere,[ˌelsˈwer]
863,email,[ˈiːmeɪl]
864,embarrassed,[ɪmˈbærəst]
865,embarrassing,[ɪmˈbærəsɪŋ]
866,emerge,[ɪˈmɜːrdʒ]
867,emergency,  [ɪˈmɜːrdʒənsi]
868,emotion, [ɪˈmoʊʃn]
869,emotional, [ɪˈmoʊʃənl]
870,emphasis,[ˈemfəsɪs]
871,emphasize, [ˈemfəsaɪz]
872,employ,[ɪmˈplɔɪ]
873,employee,[ɪmˈplɔɪiː]
874,employer,[ɪmˈplɔɪər]
875,employment, [ɪmˈplɔɪmənt]
876,empty,[ˈempti]
877,enable,[ɪˈneɪbl]
878,encounter,[ɪnˈkaʊntər]
879,encourage,[ɪnˈkɜːrɪdʒ]
880,end,[end]
881,ending,[ˈendɪŋ]
882,enemy,[ˈenəmi]
883,energy,[ˈenərdʒi]
884,engage,[ɪnˈɡeɪdʒ]
885,engaged, [ɪnˈɡeɪdʒd]
886,engine,[ˈendʒɪn]
887,engineer,[ˌendʒɪˈnɪr]
888,engineering,[ˌendʒɪˈnɪrɪŋ]
889,enhance,[ɪnˈhæns]
890,enjoy,[ɪnˈdʒɔɪ]
891,enormous,[ɪˈnɔːrməs]
892,enough,[ɪˈnʌf]
893,enquiry,"[ˈɪnkwəri,ɪnˈkwaɪəri]"
894,ensure,[ɪnˈʃʊr]
895,enter,[ˈentər]
896,entertain,[ˌentərˈteɪn]
897,entertainment,[ˌentərˈteɪnmənt]
898,enthusiasm, [ɪnˈθuːziæzəm]
899,enthusiastic, [ɪnˌθuːziˈæstɪk]
900,entire, [ɪnˈtaɪər]
901,entirely,[ɪnˈtaɪərli]
902,entrance,"[ˈentrəns , ɪnˈtræns]"
903,entry,[ˈentri]
904,environment,[ɪnˈvaɪrənmənt]
905,environmental,[ɪnˌvaɪrənˈmentl]
906,episode,[ˈepɪsoʊd]
907,equal, [ˈiːkwəl]
908,equally,[ˈiːkwəli]
909,equipment,[ɪˈkwɪpmənt]
910,error,[ˈerər]
911,escape,[ɪˈskeɪp]
912,especially, [ɪˈspeʃəli]
913,essay,[ˈeseɪ]
914,essential,[ɪˈsenʃl]
915,establish, [ɪˈstæblɪʃ]
916,estate,[ɪˈsteɪt]
917,estimate,[ˈestɪmeɪt]
918,ethical, [ˈeθɪkl]
919,euro,[ˈjʊroʊ]
920,evaluate,[ɪˈvæljueɪt]
921,even, [ˈiːvn]
922,evening, [ˈiːvnɪŋ]
923,event,[ɪˈvent]
924,eventually,[ɪˈventʃuəli]
925,ever, [ˈevər]
926,every,[ˈevri]
927,everybody,"[ˈevribɑːdi,ˈevribʌdi]"
928,everyday,[ˈevrideɪ]
929,everyone,[ˈevriwʌn]
930,everything,[ˈevriθɪŋ]
931,everywhere,[ˈevriwer]
932,evidence,[ˈevɪdəns]
933,evil, [ˈiːvl]
934,exact, [ɪɡˈzækt]
935,exactly,[ɪɡˈzæktli]
936,exam,[ɪɡˈzæm]
937,examination,[ɪɡˌzæmɪˈneɪʃn]
938,examine, [ɪɡˈzæmɪn]
939,example, [ɪɡˈzæmpl]
940,excellent,[ˈeksələnt]
941,except,[ɪkˈsept]
942,exchange, [ɪksˈtʃeɪndʒ]
943,excited,[ɪkˈsaɪtɪd]
944,excitement,[ɪkˈsaɪtmənt]
945,exciting,[ɪkˈsaɪtɪŋ]
946,excuse,[ɪkˈskjuːs]
947,executive, [ɪɡˈzekjətɪv]
948,exercise,[ˈeksərsaɪz]
949,exhibition,[ˌeksɪˈbɪʃn]
950,exist,[ɪɡˈzɪst]
951,existence,[ɪɡˈzɪstəns]
952,expand,[ɪkˈspænd]
953,expect, [ɪkˈspekt]
954,expectation, [ˌekspekˈteɪʃn]
955,expected, [ɪkˈspektɪd]
956,expedition,[ˌekspəˈdɪʃn]
957,expense,[ɪkˈspens]
958,expensive,[ɪkˈspensɪv]
959,experience,[ɪkˈspɪriəns]
960,experienced,[ɪkˈspɪriənst]
961,experiment,[ɪkˈsperɪmənt]
962,expert,[ˈekspɜːrt]
963,explain,[ɪkˈspleɪn]
964,explanation,[ˌekspləˈneɪʃn]
965,explode,[ɪkˈsploʊd]
966,exploration,[ˌekspləˈreɪʃn]
967,explore, [ɪkˈsplɔːr]
968,explosion, [ɪkˈsploʊʒn]
969,export,[ˈekspɔːrt]
970,expose,[ɪkˈspoʊz]
971,express, [ɪkˈspres]
972,expression,[ɪkˈspreʃn]
973,extend,[ɪkˈstend]
974,extent,[ɪkˈstent]
975,external, [ɪkˈstɜːrnl]
976,extra,[ˈekstrə]
977,extraordinary, [ɪkˈstrɔːrdəneri]
978,extreme,[ɪkˈstriːm]
979,extremely,[ɪkˈstriːmli]
980,eye,[aɪ]
981,face,[feɪs]
982,facility,[fəˈsɪləti]
983,fact, [fækt]
984,factor,[ˈfæktər]
985,factory,"[ˈfæktri,ˈfæktəri]"
986,fail, [feɪl]
987,failure, [ˈfeɪljər]
988,fair,[fer]
989,fairly,[ˈferli]
990,faith,[feɪθ]
991,fall,[fɔːl]
992,False, [fɔːls]
993,familiar,[fəˈmɪliər]
994,family,[ˈfæməli]
995,famous, [ˈfeɪməs]
996,fan,[fæn]
997,fancy,[ˈfænsi]
998,fantastic,[fænˈtæstɪk]
999,far,[fɑːr]
1000,farm,[fɑːrm]
1001,farmer,[ˈfɑːrmər]
1002,farming,[ˈfɑːrmɪŋ]
1003,fascinating, [ˈfæsɪneɪtɪŋ] 
1004,fashion,[ˈfæʃn]
1005,fashionable,[ˈfæʃnəbl]
1006,fast,[fæst]
1007,fasten,[ˈfæsn]
1008,fat,[fæt]
1009,father,[ˈfɑːðər]
1010,fault,[fɔːlt]
1011,favour,[ˈfeɪvər]
1012,favourite,[ˈfeɪvərɪt]
1013,fear,[fɪr]
1014,feather,[ˈfeðər]
1015,feature,[ˈfiːtʃər]
1016,February,[ˈfebrueri]
1017,fee,[fiː]
1018,feed,[fiːd]
1019,feedback,[ˈfiːdbæk]
1020,feel,[fiːl]
1021,feeling,[ˈfiːlɪŋ]
1022,fellow,[ˈfeloʊ]
1023,female,[ˈfiːmeɪl]
1024,fence,[fens]
1025,festival,[ˈfestɪvl]
1026,few,[fjuː]
1027,fiction,[ˈfɪkʃn]
1028,field,[fiːld]
1029,fifteen,[ˌfɪfˈtiːn]
1030,fifth,[fɪfθ]
1031,fifty,[ˈfɪfti]
1032,fight,[faɪt]
1033,fighting,[ˈfaɪtɪŋ]
1034,figure,[ˈfɪɡjər]
1035,file,[faɪl]
1036,fill,[fɪl]
1037,film,[fɪlm]
1038,final,[ˈfaɪnl]
1039,finally,[ˈfaɪnəli]
1040,finance,"[ˈfaɪnæns,faɪˈnæns,fəˈnæns]"
1041,financial,"[faɪˈnænʃl,fəˈnænʃl]"
1042,find,[faɪnd]
1043,finding,[ˈfaɪndɪŋ]
1044,fine,[faɪn]
1045,finger,[ˈfɪŋɡər]
1046,finish,[ˈfɪnɪʃ]
1047,fire,[ˈfaɪər]
1048,firm,[fɜːrm]
1049,first,[fɜːrst]
1050,firstly,[ˈfɜːrstli]
1051,fish,[fɪʃ]
1052,fishing,[ˈfɪʃɪŋ]
1053,fit,[fɪt]
1054,fitness,[ˈfɪtnəs]
1055,five,[faɪv]
1056,fix,[fɪks]
1057,fixed,[fɪkst]
1058,flag,[flæɡ]
1059,flame,[fleɪm]
1060,flash,[flæʃ]
1061,flat,[flæt]
1062,flexible,[ˈfleksəbl]
1063,flight,[flaɪt]
1064,float,[floʊt]
1065,flood,[flʌd]
1066,floor,[flɔːr]
1067,flour,[ˈflaʊər]
1068,flow,[floʊ]
1069,flower,[ˈflaʊər]
1070,flu,[fluː]
1071,fly,[flaɪ]
1072,flying,[ˈflaɪɪŋ] 
1073,focus,[ˈfoʊkəs]
1074,fold,[foʊld]
1075,folding,[ˈfoʊldɪŋ]
1076,folk,[foʊk]
1077,follow,[ˈfɑːloʊ]
1078,following,[ˈfɑːloʊɪŋ]
1079,food,[fuːd]
1080,foot,[fʊt]
1081,football,[ˈfʊtbɔːl]
1082,for,"[fər,fɔːr]"
1083,force,[fɔːrs] 
1084,foreign,[ˈfɔːrən]
1085,forest,[ˈfɔːrɪst]
1086,forever,[fərˈevər]
1087,forget,[fərˈɡet]
1088,forgive,[fərˈɡɪv]
1089,fork,[fɔːrk]
1090,form,[fɔːrm]
1091,formal,[ˈfɔːrml]
1092,former,[ˈfɔːrmər]
1093,fortunately,[ˈfɔːrtʃənətli]
1094,fortune,[ˈfɔːrtʃən]
1095,forty,[ˈfɔːrti]
1096,forward,[ˈfɔːrwərd]
1097,found,[faʊnd]
1098,four,[fɔːr]
1099,fourteen,[ˌfɔːrˈtiːn]
1100,fourth,[fɔːrθ]
1101,frame,[freɪm] 
1102,free,[friː] 
1103,freedom,[ˈfriːdəm]
1104,freeze,[friːz]
1105,frequency,[ˈfriːkwənsi] 
1106,frequently,[ˈfriːkwəntli]
1107,fresh, [freʃ] 
1108,Friday,"[ˈfraɪdeɪ,ˈfraɪdi]"
1109,fridge,[frɪdʒ]
1110,friend,[frend]
1111,friendly,[ˈfrendli]
1112,friendship,[ˈfrendʃɪp]
1113,frighten,[ˈfraɪtn]
1114,frightened,[ˈfraɪtnd]
1115,frightening,[ˈfraɪtnɪŋ]
1116,frog,[frɑːɡ]
1117,from,"[frəm,frʌm,frɑːm]"
1118,front,[frʌnt]
1119,frozen, [ˈfroʊzn] 
1120,fruit,[fruːt]
1121,fry,[fraɪ]
1122,fuel,[ˈfjuːəl]
1123,full,[fʊl]
1124,fully,[ˈfʊli]
1125,fun,[fʌn]
1126,function,[ˈfʌŋkʃn]
1127,fund,[fʌnd]
1128,fundamental,[ˌfʌndəˈmentl]
1129,funding,[ˈfʌndɪŋ]
1130,funny,[ˈfʌni]
1131,fur,[fɜːr] 
1132,furniture,[ˈfɜːrnɪtʃər]
1133,further, [ˈfɜːrðər] 
1134,furthermore,[ˌfɜːrðərˈmɔːr]
1135,future,[ˈfjuːtʃər] 
1136,gain,[ɡeɪn]
1137,gallery,[ˈɡæləri]
1138,game,[ɡeɪm]
1139,gang,[ɡæŋ]
1140,gap,[ɡæp]
1141,garage," [ɡəˈrɑːʒ,ɡəˈrɑːdʒ] "
1142,garden,[ˈɡɑːrdn]
1143,gas,[ɡæs]
1144,gate, [ɡeɪt] 
1145,gather,[ˈɡæðər]
1146,general,[ˈdʒenrəl]
1147,generally,[ˈdʒenrəli] 
1148,generate,[ˈdʒenəreɪt]
1149,generation,[ˌdʒenəˈreɪʃn]
1150,generous,[ˈdʒenərəs]
1151,genre,[ˈʒɑːnrə]
1152,gentle,[ˈdʒentl]
1153,gentleman,[ˈdʒentlmən]
1154,geography,[dʒiˈɑːɡrəfi]
1155,get,[ɡet]
1156,ghost, [ɡoʊst] 
1157,giant,[ˈdʒaɪənt]
1158,gift,[ɡɪft]
1159,girl,[ɡɜːrl]
1160,girlfriend, [ˈɡɜːrlfrend] 
1161,give,[ɡɪv]
1162,glad,[ɡlæd]
1163,glass,[ɡlæs]
1164,global,[ˈɡloʊbl]
1165,glove,[ɡlʌv]
1166,go,[ɡoʊ]
1167,goal,[ɡoʊl]
1168,god,[ɡɑːd]
1169,gold,[ɡoʊld] 
1170,golf,[ɡɑːlf]
1171,good,[ɡʊd]
1172,goodbye,[ˌɡʊdˈbaɪ]
1173,goods,[ɡʊdz]
1174,govern,[ˈɡʌvərn]
1175,government,[ˈɡʌvərnmənt]
1176,grab,[ɡræb]
1177,grade,[ɡreɪd]
1178,gradually,[ˈɡrædʒuəli]
1179,graduate,[ˈɡrædʒuət]
1180,grain,[ɡreɪn]
1181,grand,[ɡrænd]
1182,grandfather,[ˈɡrænfɑːðər]
1183,grandmother,[ˈɡrænmʌðər]
1184,grandparent,[ˈɡrænperənt]
1185,grant,[ɡrænt] 
1186,grass,[ɡræs]
1187,grateful,[ˈɡreɪtfl]
1188,great,[ɡreɪt] 
1189,green, [ɡriːn] 
1190,greet,[ɡriːt]
1191,grey,[ɡreɪ]
1192,ground,[ɡraʊnd]
1193,group,[ɡruːp]
1194,grow,[ɡroʊ]
1195,growth,[ɡroʊθ]
1196,guarantee,[ˌɡærənˈtiː]
1197,guard,[ɡɑːrd]
1198,guess,[ɡes]
1199,guest,[ɡest]
1200,guide,[ɡaɪd]
1201,guilty, [ˈɡɪlti]
1202,guitar,[ɡɪˈtɑːr]
1203,gun,[ɡʌn]
1204,guy,[ɡaɪ] 
1205,gym,[dʒɪm]
1206,habit,[ˈhæbɪt]
1207,hair,[her]
1208,half,[hæf]
1209,hall,[hɔːl]
1210,hand,[hænd]
1211,handle,[ˈhændl]
1212,hang,[hæŋ]
1213,happen,[ˈhæpən]
1214,happily,[ˈhæpɪli] 
1215,happiness, [ˈhæpinəs] 
1216,happy,[ˈhæpi]
1217,hard,[hɑːrd]
1218,hardly, [ˈhɑːrdli] 
1219,harm,[hɑːrm]
1220,harmful,[ˈhɑːrmfl]
1221,hat,[hæt]
1222,hate,[heɪt]
1223,have,[həv]
1224,have to, [ˈhæv tə]   
1225,he,[hi]
1226,head,[hed]
1227,headache,[ˈhedeɪk]
1228,headline,[ˈhedlaɪn]
1229,health, [helθ]
1230,healthy,[ˈhelθi] 
1231,hear,[hɪr]
1232,hearing,[ˈhɪrɪŋ]
1233,heart,[hɑːrt]
1234,heat,[hiːt]
1235,heating,[ˈhiːtɪŋ]
1236,heaven, [ˈhevn]
1237,heavily, [ˈhevɪli]
1238,heavy,[ˈhevi]
1239,heel, [hiːl]
1240,height,[haɪt]
1241,helicopter,[ˈhelɪkɑːptər]
1242,hell,[hel]
1243,hello,[helˈō]
1244,help,[help]
1245,helpful,[ˈhelpfl]
1246,her,[hər]
1247,here,[hɪr]
1248,hero,"[ˈhɪroʊ,ˈhiːroʊ]"
1249,hers,"[hɜːrz,ɜːrz]"
1250,herself,"[hɜːrˈself,hərˈself]"
1251,hesitate,[ˈhezɪteɪt]
1252,hey,[heɪ]
1253,hi,[haɪ]
1254,hide,[haɪd]
1255,high,[haɪ]
1256,highlight,[ˈhaɪlaɪt]
1257,highly,[ˈhaɪli]
1258,hill,[hɪl]
1259,him,[hɪm]
1260,himself,[hɪmˈself]
1261,hire, [ˈhaɪər] 
1262,his,"[hɪz,ɪz]"
1263,historic, [hɪˈstɔːrɪk]
1264,historical,[hɪˈstɔːrɪkl]
1265,history, [ˈhɪstri]
1266,hit,[hɪt]
1267,hobby,[ˈhɑːbi]
1268,hockey,[ˈhɑːki]
1269,hold,[hoʊld]
1270,hole,[hoʊl]
1271,holiday,[ˈhɑːlədeɪ]
1272,hollow,[ˈhɑːloʊ]
1273,holy,[ˈhoʊli]
1274,home,[hoʊm]
1275,homework,[ˈhoʊmwɜːrk]
1276,honest,[ˈɑːnɪst]
1277,honour,[ɑnɚ]
1278,hope,[hoʊp]
1279,horrible,[ˈhɔːrəbl]
1280,horror,[ˈhɔːrər] 
1281,horse,[hɔːrs]
1282,hospital,[ˈhɑːspɪtl] 
1283,host, [hoʊst] 
1284,hot,[hɑːt]
1285,hotel,[hoʊˈtel]
1286,hour,[ˈaʊər]
1287,house,[haʊs]
1288,household,[ˈhaʊshoʊld]
1289,housing,[ˈhaʊzɪŋ]
1290,how,[haʊ]
1291,however,[haʊˈevər] 
1292,huge,[hjuːdʒ] 
1293,human,[ˈhjuːmən]
1294,humorous,[ˈhjuːmərəs]
1295,humour,[ˈhjuːmər]
1296,hundred, [ˈhʌndrəd] 
1297,hungry,[ˈhʌŋɡri]
1298,hunt,[hʌnt]
1299,hunting,[ˈhʌntɪŋ]
1300,hurricane,[ˈhɜːrəkeɪn]
1301,hurry,[ˈhɜːri] 
1302,hurt,[hɜːrt]
1303,husband,[ˈhʌzbənd]
1304,I,[aɪ]
1305,ice,[aɪs]
1306,ice cream,[aɪs krim]
1307,idea,[aɪˈdiːə]
1308,ideal,[aɪˈdiːəl]
1309,identify,[aɪˈdentɪfaɪ]
1310,identity,[aɪˈdentəti]
1311,if,[ɪf]
1312,ignore,[ɪɡˈnɔːr]
1313,ill,[ɪl]
1314,illegal,[ɪˈliːɡl]
1315,illness,[ˈɪlnəs]
1316,illustrate,[ˈɪləstreɪt]
1317,illustration,[ˌɪləˈstreɪʃn]
1318,image,[ˈɪmɪdʒ]
1319,imaginary,[ɪˈmædʒɪneri]
1320,imagination,[ɪˌmædʒɪˈneɪʃn]
1321,imagine,[ɪˈmædʒɪn]
1322,immediate,[ɪˈmiːdiət]
1323,immediately,[ɪˈmiːdiətli]
1324,immigrant,[ˈɪmɪɡrənt]
1325,impact,[ˈɪmpækt]
1326,impatient,[ɪmˈpeɪʃnt]
1327,imply,[ɪmˈplaɪ]
1328,import,[ˈɪmpɔːrt]
1329,importance,[ɪmˈpɔːrtns]
1330,important,[ɪmˈpɔːrtnt]
1331,impose,[ɪmˈpoʊz]
1332,impossible,[ɪmˈpɑːsəbl]
1333,impress,[ɪmˈpres] 
1334,impressed,[ɪmˈprest]
1335,impression,[ɪmˈpreʃn] 
1336,impressive,[ɪmˈpresɪv]
1337,improve,[ɪmˈpruːv]
1338,improvement,[ɪmˈpruːvmənt]
1339,in,[ɪn]
1340,inch,[ɪntʃ]
1341,incident,[ˈɪnsɪdənt]
1342,include,[ɪnˈkluːd]
1343,included,[ɪn'klʊdɪd]
1344,including,[ɪnˈkluːdɪŋ] 
1345,income,"[ˈɪnkʌm,ˈɪnkəm]"
1346,increase,[ɪnˈkris; ˈɪnˌkris]
1347,increasingly,[ɪnˈkriːsɪŋli]
1348,incredible,[ɪnˈkredəbl]
1349,incredibly, [ɪnˈkredəbli] 
1350,indeed,[ɪnˈdiːd]
1351,independent,[ˌɪndɪˈpendənt]
1352,indicate,[ˈɪndɪkeɪt]
1353,indirect,"[ˌɪndəˈrekt,ˌɪndaɪˈrekt]"
1354,individual,[ˌɪndɪˈvɪdʒuəl]
1355,indoor,[ˈɪndɔːr]
1356,indoors,[ˌɪnˈdɔːrz]
1357,industrial,[ɪnˈdʌstriəl]
1358,industry,[ˈɪndəstri]
1359,infection,[ɪnˈfekʃn]
1360,influence,[ˈɪnfluəns]
1361,inform,[ɪnˈfɔːrm]
1362,informal,[ɪnˈfɔːrml]
1363,information,[ˌɪnfərˈmeɪʃn]
1364,ingredient,[ɪnˈɡriːdiənt]
1365,initial,[ɪˈnɪʃl]
1366,initially,[ɪˈnɪʃəli]
1367,initiative,[ɪˈnɪʃətɪv]
1368,injure,[ˈɪndʒər]
1369,injured,[ˈɪndʒərd]
1370,injury,[ˈɪndʒəri]
1371,inner,[ˈɪnər]
1372,innocent,[ˈɪnəsnt]
1373,insect,[ˈɪnsekt]
1374,inside,[ˌɪnˈsaɪd]
1375,insight,[ˈɪnsaɪt]
1376,insist,[ɪnˈsɪst]
1377,inspire,[ɪnˈspaɪər]
1378,install,[ɪnˈstɔːl]
1379,instance,[ˈɪnstəns]
1380,instead,[ɪnˈsted]
1381,institute,[ˈɪnstɪtuːt]
1382,institution,[ˌɪnstɪˈtuːʃn]
1383,instruction,[ɪnˈstrʌkʃn]
1384,instructor,[ɪnˈstrʌktər]
1385,instrument,[ˈɪnstrəmənt]
1386,insurance,[ɪnˈʃʊrəns]
1387,intelligence, [ɪnˈtelɪdʒəns] 
1388,intelligent,[ɪnˈtelɪdʒənt]
1389,intend,[ɪnˈtend]
1390,intended,[ɪnˈtendɪd]
1391,intense,[ɪnˈtens]
1392,intention,[ɪnˈtenʃn]
1393,interest,[ˈɪntrəst]
1394,interested,"[ˈɪntrəstɪd,ˈɪntrestɪd]"
1395,interesting,"[ˈɪntrəstɪŋ,ˈɪntrestɪŋ]"
1396,internal,[ɪnˈtɜːrnl]
1397,international,[ˌɪntərˈnæʃnəl]
1398,internet,[ˈɪntərnet] 
1399,interpret,[ɪnˈtɜːrprət]
1400,interrupt, [ˌɪntəˈrʌpt] 
1401,interview,[ˈɪntərvjuː]
1402,into,[ˈɪntu] 
1403,introduce, [ˌɪntrəˈduːs] 
1404,introduction,[ˌɪntrəˈdʌkʃn]
1405,invent,[ɪnˈvent]
1406,invention,[ɪnˈvenʃn]
1407,invest,[ɪnˈvest]
1408,investigate,[ɪnˈvestɪɡeɪt]
1409,investigation,[ɪnˌvestɪˈɡeɪʃn]
1410,investment,[ɪnˈvestmənt]
1411,invitation,[ˌɪnvɪˈteɪʃn]
1412,invite,[ɪnˈvaɪt]
1413,involve,[ɪnˈvɑːlv]
1414,involved,[ɪnˈvɑːlvd] 
1415,iron,[ˈaɪərn]
1416,island,[ˈaɪlənd]
1417,issue, [ˈɪʃuː] 
1418,IT,[ˌaɪ ˈtiː]
1419,it,[ɪt]
1420,item,[ˈaɪtəm]
1421,its,[ɪts]
1422,itself, [ɪtˈself] 
1423,jacket,[ˈdʒækɪt]
1424,jam,[dʒæm]
1425,January,[ˈdʒænjueri]
1426,jazz,[dʒæz]
1427,jeans,[dʒiːnz]
1428,jewellery,[ˈdʒuːəlri]
1429,job,[dʒɑːb]
1430,join,[dʒɔɪn] 
1431,joke,[dʒoʊk]
1432,journal,[ˈdʒɜːrnl]
1433,journalist,[ˈdʒɜːrnəlɪst]
1434,journey,[ˈdʒɜːrni] 
1435,joy, [dʒɔɪ] 
1436,judge,[dʒʌdʒ]
1437,judgement, [dʒʌdʒ'mentəl]
1438,juice,[dʒuːs]
1439,July,[dʒuˈlaɪ]
1440,jump,[dʒʌmp]
1441,June,[dʒuːn]
1442,junior, [ˈdʒuːniər] 
1443,just,[dʒʌst]
1444,justice,[ˈdʒʌstɪs]
1445,justify,[ˈdʒʌstɪfaɪ]
1446,keen,[kiːn]
1447,keep,[kiːp]
1448,key,[kiː] 
1449,keyboard,[ˈkiːbɔːrd]
1450,kick, [kɪk] 
1451,kid,[kɪd]
1452,kill,[kɪl]
1453,killing,[ˈkɪlɪŋ]
1454,kilometre,[kɪˈlɑːmɪtər]
1455,kind,[kaɪnd]
1456,kind,[kaɪnd]
1457,king,[kɪŋ]
1458,kiss,[kɪs]
1459,kitchen,[ˈkɪtʃɪn]
1460,knee, [niː] 
1461,knife,[naɪf] 
1462,knock,[nɑːk]
1463,know,[noʊ]
1464,knowledge,[ˈnɑːlɪdʒ]
1465,lab,[læb]
1466,label,[ˈleɪbl]
1467,laboratory,[ˈlæbrətɔːri]
1468,labour,[ˈleɪbər]
1469,lack,[læk]
1470,lady,[ˈleɪdi]
1471,lake, [leɪk]
1472,lamp,[læmp]
1473,land,[lænd]
1474,landscape,[ˈlændskeɪp]
1475,language, [ˈlæŋɡwɪdʒ]
1476,laptop,[ˈlæptɑːp]
1477,large,[lɑːrdʒ] 
1478,largely,[ˈlɑːrdʒli]
1479,last,[læst]
1480,last,[læst]
1481,late,[leɪt]
1482,later,[ˈleɪtər]
1483,latest,[ˈleɪtɪst]
1484,laugh,[læf]
1485,laughter,[ˈlæftər]
1486,launch,[lɔːntʃ]
1487,law,[lɔː]
1488,lawyer,[ˈlɔɪər]
1489,lay, [leɪ]
1490,layer,[ˈleɪər]
1491,lazy,[ˈleɪzi] 
1492,lead,[li:d; led]
1493,leader,[ˈliːdər]
1494,leadership,[ˈliːdərʃɪp]
1495,leading,['lidɪŋ]
1496,leaf,[liːf]
1497,league, [liːɡ] 
1498,lean,[liːn]
1499,learn,lɜːrn]
1500,learning,[ˈlɜːrnɪŋ]
1501,least,[liːst]
1502,leather,[ˈleðər]
1503,leave,[liːv]
1504,lecture,[ˈlektʃər]
1505,left,[left] 
1506,leg,[leɡ]
1507,legal,[ˈliːɡl]
1508,leisure,[ˈliːʒər]
1509,lemon,[ˈlemən] 
1510,lend,[lend]
1511,length,[leŋθ] 
1512,less,[les]
1513,lesson,[ˈlesn]
1514,let,[let]
1515,letter,[ˈletər]
1516,level,[ˈlevl]
1517,library,[ˈlaɪbreri]
1518,licence,[ˈlaɪsns]
1519,lie,[laɪ]
1520,lie,[laɪ]
1521,life,[laɪf]
1522,lifestyle,[ˈlaɪfstaɪl]
1523,lift,[lɪft]
1524,light,[laɪt]
1525,light,[laɪt]
1526,like,[laɪk]
1527,like,[laɪk]
1528,likely,[ˈlaɪkli]
1529,limit,[ˈlɪmɪt]
1530,limited,[ˈlɪmɪtɪd]
1531,line,[laɪn]
1532,link,[lɪŋk]
1533,lion,[ˈlaɪən]
1534,lip,[lɪp]
1535,liquid,[ˈlɪkwɪd]
1536,list,[lɪst]
1537,listen,[ˈlɪsn]
1538,listener,[ˈlɪsənər]
1539,literature,"[ˈlɪtrətʃər,ˈlɪtrətʃʊr]"
1540,little,[ˈlɪtl]
1541,live,[lɪv; laɪv]
1542,live,[lɪv; laɪv]
1543,lively,[ˈlaɪvli]
1544,living,[ˈlɪvɪŋ]
1545,load,[loʊd]
1546,loan,[loʊn]
1547,local,[ˈloʊkl]
1548,locate,[ˈloʊkeɪt]
1549,located,[ˈloʊkeɪtɪd]
1550,location,[loʊˈkeɪʃn]
1551,lock,[lɑːk]
1552,logical,[ˈlɑːdʒɪkl]
1553,lonely,[ˈloʊnli]
1554,long,[lɔːŋ] 
1555,long-term,[ˌlɔːŋ ˈtɜːrm]
1556,look,[lʊk]
1557,loose,[luːs]
1558,lord,[lɔːrd] 
1559,lorry,[ˈlɔːri]
1560,lose,[luːz]
1561,loss,[lɔːs]
1562,lost,[lɔːst]
1563,lot,[lɑːt]
1564,loud,[laʊd]
1565,loudly,[ˈlaʊdli]
1566,love,[lʌv]
1567,lovely,[ˈlʌvli]
1568,low,[loʊ]
1569,lower,['loɚ]
1570,luck,[lʌk]
1571,lucky,[ˈlʌki]
1572,lunch,[lʌntʃ]
1573,lung,[lʌŋ]
1574,luxury,[ˈlʌkʃəri]
1575,machine,[məˈʃiːn]
1576,mad,[mæd]
1577,magazine,[ˈmæɡəziːn]
1578,magic,[ˈmædʒɪk]
1579,mail,[meɪl]
1580,main,[meɪn]
1581,mainly,[ˈmeɪnli]
1582,maintain,[meɪnˈteɪn]
1583,major,[ˈmeɪdʒər]
1584,majority,[məˈdʒɔːrəti]
1585,make,[meɪk]
1586,male,[meɪl]
1587,mall,[mɔːl]
1588,man,[mæn]
1589,manage,[ˈmænɪdʒ]
1590,management,[ˈmænɪdʒmənt]
1591,manager,[ˈmænɪdʒər]
1592,manner,[ˈmænər]
1593,many,[ˈmeni]
1594,map,[mæp]
1595,March,[mɑːrtʃ]
1596,mark,[mɑːrk]
1597,market,[ˈmɑːrkɪt]
1598,marketing,[ˈmɑːrkɪtɪŋ]
1599,marriage,[ˈmærɪdʒ]
1600,married,[ˈmærid]
1601,marry,[ˈmæri]
1602,mass,[mæs]
1603,massive,[ˈmæsɪv]
1604,master,[ˈmæstər]
1605,match,[mætʃ]
1606,matching,[ˈmætʃɪŋ]
1607,material,[məˈtɪriəl]
1608,mathematics,[ˌmæθəˈmætɪks]
1609,maths,[mæθs]
1610,matter,[ˈmætər]
1611,maximum,[ˈmæksɪməm]
1612,May,[meɪ]
1613,may,[meɪ]
1614,maybe,[ˈmeɪbi]
1615,me,[mi; miː]
1616,meal,[miːl]
1617,mean,[miːn]
1618,meaning,[ˈmiːnɪŋ]
1619,means,[miːnz]
1620,meanwhile,[ˈmiːnwaɪl]
1621,measure,[ˈmeʒər]
1622,measurement,[ˈmeʒərmənt]
1623,meat,[miːt]
1624,media,[ˈmiːdiə]
1625,medical,[ˈmedɪkl]
1626,medicine,[ˈmedɪsn]
1627,medium,[ˈmiːdiəm]
1628,meet,[miːt]
1629,meeting,[ˈmiːtɪŋ]
1630,melt,[melt]
1631,member,[ˈmembər]
1632,memory,[ˈmeməri]
1633,mental,[ˈmentl]
1634,mention,[ˈmenʃn]
1635,menu,[ˈmenjuː]
1636,mess,[mes]
1637,message,[ˈmesɪdʒ]
1638,metal,[ˈmetl]
1639,method,[ˈmeθəd]
1640,metre,[ˈmiːtər]
1641,middle,[ˈmɪdl]
1642,midnight,[ˈmɪdnaɪt]
1643,might,[maɪt]
1644,mild,[maɪld]
1645,mile,[maɪl]
1646,military,[ˈmɪləteri]
1647,milk,[mɪlk]
1648,million,[ˈmɪljən]
1649,mind,[maɪnd]
1650,mine,[maɪn]
1651,mine,[maɪn]
1652,mineral,[ˈmɪnərəl]
1653,minimum,[ˈmɪnɪməm]
1654,minister,[ˈmɪnɪstər]
1655,minor,[ˈmaɪnər]
1656,minority,[maɪˈnɔːrəti]
1657,minute,[ˈmɪnɪt]
1658,mirror,[ˈmɪrər]
1659,miss,[mɪs]
1660,missing,[ˈmɪsɪŋ]
1661,mission,[ˈmɪʃn]
1662,mistake,[mɪˈsteɪk]
1663,mix,[mɪks]
1664,mixed,[mɪkst]
1665,mixture,[ˈmɪkstʃər]
1666,mobile,[ˈməʊbl]
1667,model,[ˈmɑːdl]
1668,modern,[ˈmɑːdərn]
1669,modify,[ˈmɑːdɪfaɪ]
1670,moment,[ˈmoʊmənt]
1671,Monday,"[ˈmʌndeɪ,ˈmʌndi]"
1672,money,[ˈmʌni]
1673,monitor,[ˈmɑːnɪtər]
1674,monkey,[ˈmʌŋki]
1675,month,[mʌnθ]
1676,mood,[muːd]
1677,moon,[muːn]
1678,moral,[ˈmɔːrəl]
1679,more,[mɔːr]
1680,morning,[ˈmɔːrnɪŋ]
1681,most,[moʊst]
1682,mostly,[ˈmoʊstli]
1683,mother,[ˈmʌðər]
1684,motor,[ˈmoʊtər]
1685,motorcycle,[ˈmoʊtərsaɪkl]
1686,mount,[maʊnt]
1687,mountain,[ˈmaʊntn]
1688,mouse,[maʊs]
1689,mouth,[maʊθ]
1690,move,[muːv]
1691,movement,[ˈmuːvmənt]
1692,movie,[ˈmuːvi]
1693,much,[mʌtʃ]
1694,mud,[mʌd]
1695,multiple,[ˈmʌltɪpl]
1696,multiply,[ˈmʌltɪplaɪ]
1697,mum,[mʌm]
1698,murder,[ˈmɜːrdər]
1699,muscle,[ˈmʌsl]
1700,museum,[mjuˈziːəm]
1701,music,[ˈmjuːzɪk]
1702,musical,[ˈmjuːzɪkl]
1703,musician,[mjuˈzɪʃn]
1704,must,"[məst,mʌst]"
1705,my,[maɪ]
1706,myself,[maɪˈself]
1707,mysterious,[mɪˈstɪriəs]
1708,mystery,[ˈmɪstəri]
1709,nail,[neɪl]
1710,name,[neɪm]
1711,narrative,[ˈnærətɪv]
1712,narrow,[ˈnæroʊ]
1713,nation,[ˈneɪʃn]
1714,national,[ˈnæʃnəl]
1715,native,[ˈneɪtɪv]
1716,natural,[ˈnætʃrəl]
1717,naturally,[ˈnætʃrəli]
1718,nature,[ˈneɪtʃər]
1719,near,[nɪr]
1720,nearly,[ˈnɪrli]
1721,neat,[niːt]
1722,necessarily,[ˌnesəˈserəli]
1723,necessary,[ˈnesəseri]
1724,neck,[nek]
1725,need,[niːd]
1726,needle,[ˈniːdl]
1727,negative,[ˈneɡətɪv]
1728,neighbour,[ˈneɪbər]
1729,neighbourhood,[ˈneɪbərhʊd]
1730,neither,"[ˈniːðər,ˈnaɪðər]"
1731,nerve,[nɜːrv]
1732,nervous,[ˈnɜːrvəs]
1733,net,[net]
1734,network,[ˈnetwɜːrk]
1735,never,[ˈnevər]
1736,nevertheless,[ˌnevərðəˈles]
1737,new,[nuː]
1738,news,[nuːz]
1739,newspaper,[ˈnuːzpeɪpər]
1740,next,[nekst]
1741,next,[nekst]
1742,nice,[naɪs]
1743,night,[naɪt]
1744,nightmare,[ˈnaɪtmer]
1745,nine,[naɪn]
1746,nineteen,[ˌnaɪnˈtiːn]
1747,ninety,[ˈnaɪnti]
1748,no,[noʊ]
1749,no one,[ˈnoʊ wʌn]
1750,nobody,[ˈnoʊbədi]
1751,noise,[nɔɪz]
1752,noisy,[ˈnɔɪzi]
1753,none,[nʌn]
1754,nor,[nɔːr]
1755,normal,[ˈnɔːrml]
1756,normally,[ˈnɔːrməli]
1757,north,[nɔːrθ]
1758,northern,[ˈnɔːrðərn]
1759,nose,[noʊz]
1760,not,[nɑːt]
1761,note,[noʊt]
1762,nothing,[ˈnʌθɪŋ]
1763,notice,[ˈnoʊtɪs]
1764,notion,[ˈnoʊʃn]
1765,novel,[ˈnɑːvl]
1766,November,[noʊˈvembər]
1767,now,[naʊ]
1768,nowhere,[ˈnoʊwer]
1769,nuclear,[ˈnuːkliər]
1770,number,[ˈnʌmbər]
1771,numerous,[ˈnuːmərəs]
1772,nurse,[nɜːrs]
1773,nut,[nʌt]
1774,obey,[əˈbeɪ]
1775,object,"[ˈɑːbdʒekt,ˈɑːbdʒɪkt]"
1776,objective,[əbˈdʒektɪv]
1777,obligation,[ˌɑːblɪˈɡeɪʃn]
1778,observation,[ˌɑːbzərˈveɪʃn]
1779,observe,[əbˈzɜːrv]
1780,obtain,[əbˈteɪn]
1781,obvious,[ˈɑːbviəs]
1782,obviously,[ˈɑːbviəsli]
1783,occasion,[əˈkeɪʒn]
1784,occasionally,[əˈkeɪʒnəli]
1785,occur,[əˈkɜːr]
1786,ocean,[ˈoʊʃn]
1787,o’clock,[əˈklɑːk]
1788,October,[ɑːkˈtoʊbər]
1789,odd,[ɑːd]
1790,of,"[əv,ʌv]"
1791,off,[ɔːf]
1792,offence,[əˈfens]
1793,offend,[əˈfend]
1794,offensive,[əˈfensɪv]
1795,offer,[ˈɔːfər]
1796,office,[ˈɑːfɪs]
1797,officer,[ˈɑːfɪsər]
1798,official,[əˈfɪʃl]
1799,often,"[ˈɔːfn,ˈɔːftən]"
1800,oh,[oʊ]
1801,oil,[ɔɪl]
1802,OK,[oʊˈkeɪ]
1803,old,[oʊld]
1804,old-fashioned,[ˌoʊld ˈfæʃnd]
1805,on,[ɑːn]
1806,once,[wʌns]
1807,one,[wʌn]
1808,onion,[ˈʌnjən]
1809,online,[ˌɑːnˈlaɪn]
1810,only,[ˈoʊnli]
1811,onto,"[ˈɑːntə,ˈɑːntu]"
1812,open,[ˈoʊpən]
1813,opening,[ˈoʊpənɪŋ]
1814,operate,[ˈɑːpəreɪt]
1815,operation,[ˌɑːpəˈreɪʃn]
1816,opinion,[əˈpɪnjən]
1817,opponent,[əˈpoʊnənt]
1818,opportunity,[ˌɑːpərˈtuːnəti]
1819,oppose,[əˈpoʊz]
1820,opposed,[əˈpoʊzd]
1821,opposite,[ˈɑːpəzɪt]
1822,opposition,[ˌɑːpəˈzɪʃn]
1823,option,[ˈɑːpʃn]
1824,or,[ɔːr]
1825,orange,['ɔrɪndʒ]
1826,order,[ˈɔːrdər]
1827,ordinary,[ˈɔːrdneri]
1828,organ,[ˈɔːrɡən]
1829,organization,[ˌɔːrɡənəˈzeɪʃn]
1830,organize,[ˈɔːrɡənaɪz]
1831,organized,[ˈɔːrɡənaɪzd]
1832,organizer,[ˈɔːrɡənaɪzər]
1833,origin,[ˈɔːrɪdʒɪn]
1834,original,[əˈrɪdʒənl]
1835,originally,[əˈrɪdʒənəli]
1836,other,[ˈʌðər]
1837,otherwise,[ˈʌðərwaɪz]
1838,ought,[ɔt]
1839,our,"[ɑːr,ˈaʊər]"
1840,ours,"[ɑːrz,ˈaʊərz]"
1841,ourselves,"[ɑːrˈselvz,ˌaʊərˈselvz]"
1842,out,[aʊt]
1843,outcome,[ˈaʊtkʌm]
1844,outdoor,[ˈaʊtdɔːr]
1845,outdoors,[ˌaʊtˈdɔːrz]
1846,outer,[ˈaʊtər]
1847,outline,[ˈaʊtlaɪn]
1848,outside,[ˌaʊtˈsaɪd]
1849,oven,[ˈʌvn]
1850,over,[ˈoʊvər]
1851,overall,"[,ovə'rɔl]"
1852,owe,[oʊ]
1853,own,[oʊn]
1854,owner,[ˈoʊnər]
1855,pace,[peɪs]
1856,pack,[pæk]
1857,package,[ˈpækɪdʒ]
1858,page,[peɪdʒ]
1859,pain,[peɪn]
1860,painful,[ˈpeɪnfl]
1861,paint,[peɪnt]
1862,painter,[ˈpeɪntər]
1863,painting,[ˈpeɪntɪŋ]
1864,pair,[per]
1865,palace,[ˈpæləs]
1866,pale,[peɪl]
1867,pan,[pæn]
1868,panel,[ˈpænl]
1869,pants,[pænts]
1870,paper,[ˈpeɪpər]
1871,paragraph,[ˈpærəɡræf]
1872,parent,[ˈperənt]
1873,park,[pɑːrk]
1874,parking,[ˈpɑːrkɪŋ]
1875,parliament,[ˈpɑːrləmənt]
1876,part,[pɑːrt]
1877,participant,[pɑːrˈtɪsɪpənt]
1878,participate,[pɑːrˈtɪsɪpeɪt]
1879,particular,[pərˈtɪkjələr]
1880,particularly,[pərˈtɪkjələrli]
1881,partly,[ˈpɑːrtli]
1882,partner,[ˈpɑːrtnər]
1883,party,[ˈpɑːrti]
1884,pass,[pæs]
1885,passage,[ˈpæsɪdʒ]
1886,passenger,[ˈpæsɪndʒər]
1887,passion,[ˈpæʃn]
1888,passport,[ˈpæspɔːrt]
1889,past,[pæst]
1890,path,[pæθ]
1891,patient,[ˈpeɪʃnt]
1892,pattern,[ˈpætərn]
1893,pay,[peɪ]
1894,payment,[ˈpeɪmənt]
1895,peace,[piːs]
1896,peaceful,[ˈpiːsfl]
1897,pen,[pen]
1898,pencil,[ˈpensl]
1899,penny,[ˈpeni]
1900,pension,['pɛnʃən]
1901,people,[ˈpiːpl]
1902,pepper,[ˈpepər]
1903,per,"[pər,pɜːr]"
1904,percent,[pɚ'sɛnt]
1905,percentage,[pərˈsentɪdʒ]
1906,perfect,[ˈpɜːrfɪkt]
1907,perfectly, [ˈpɜːrfɪktli] 
1908,perform,[pərˈfɔːrm]
1909,performance,[pərˈfɔːrməns]
1910,perhaps,[pərˈhæps]
1911,period,[ˈpɪriəd]
1912,permanent,[ˈpɜːrmənənt]
1913,permission,[pərˈmɪʃn]
1914,permit,[pərˈmɪt]
1915,person,[ˈpɜːrsn]
1916,personal,[ˈpɜːrsənl]
1917,personality,[ˌpɜːrsəˈnæləti]
1918,personally,[ˈpɜːrsənəli]
1919,perspective,[pərˈspektɪv]
1920,persuade,[pərˈsweɪd]
1921,pet,[pet]
1922,petrol,[ˈpetrəl]
1923,phase,[feɪz]
1924,phenomenon,[fəˈnɑːmɪnən]
1925,philosophy,[fəˈlɑːsəfi]
1926,phone,[foʊn]
1927,photo,[ˈfoʊtoʊ]
1928,photograph,[ˈfoʊtəɡræf]
1929,photographer,[fəˈtɑːɡrəfər]
1930,photography,[fəˈtɑːɡrəfi]
1931,phrase,[freɪz]
1932,physical,[ˈfɪzɪkl]
1933,physics,[ˈfɪzɪks]
1934,piano,[piˈænoʊ]
1935,pick,[pɪk]
1936,picture,[ˈpɪktʃər]
1937,piece,[piːs]
1938,pig,[pɪɡ]
1939,pile,[paɪl]
1940,pilot,[ˈpaɪlət]
1941,pin,[pɪn]
1942,pink,[pɪŋk]
1943,pipe,[paɪp]
1944,pitch,[pɪtʃ]
1945,place,[pleɪs]
1946,plain,[pleɪn]
1947,plan,[plæn]
1948,plane,[pleɪn]
1949,planet,[ˈplænɪt]
1950,planning,[ˈplænɪŋ]
1951,plant,[plænt]
1952,plastic,[ˈplæstɪk]
1953,plate,[pleɪt]
1954,platform,[ˈplætfɔːrm]
1955,play,[pleɪ]
1956,player,[ˈpleɪər]
1957,pleasant,[ˈpleznt]
1958,please,[pliːz]
1959,pleased,[pliːzd]
1960,pleasure,[ˈpleʒər]
1961,plenty,[ˈplenti]
1962,plot,[plɑːt]
1963,plus,[plʌs; pluː]
1964,pocket, [ˈpɑːkɪt] 
1965,poem,[ˈpoʊəm]
1966,poet,[ˈpoʊət]
1967,poetry,[ˈpoʊətri]
1968,point,[pɔɪnt]
1969,pointed,[ˈpɔɪntɪd]
1970,poison,[ˈpɔɪzn]
1971,poisonous,[ˈpɔɪzənəs]
1972,police,[pəˈliːs]
1973,policeman,[pəˈliːsmən]
1974,policy,[ˈpɑːləsi]
1975,polite,[pəˈlaɪt]
1976,political,[pəˈlɪtɪkl]
1977,politician,[ˌpɑːləˈtɪʃn]
1978,politics,[ˈpɑːlətɪks]
1979,pollution,[pəˈluːʃn]
1980,pool,[puːl]
1981,poor,"[pʊr,pɔːr]"
1982,pop,[pɑːp]
1983,popular,[ˈpɑːpjələr]
1984,popularity,[ˌpɑːpjuˈlærəti]
1985,population,[ˌpɑːpjuˈleɪʃn]
1986,port,[pɔːrt]
1987,portrait,[ˈpɔːrtrət]
1988,pose,[poʊz]
1989,position,[pəˈzɪʃn]
1990,positive,[ˈpɑːzətɪv]
1991,possess,[pəˈzes]
1992,possession,[pəˈzeʃn]
1993,possibility,[ˌpɑːsəˈbɪləti]
1994,possible,[ˈpɑːsəbl]
1995,possibly,[ˈpɑːsəbli]
1996,post,[poʊst]
1997,poster,[ˈpoʊstər]
1998,pot,[pɑːt]
1999,potato,[pəˈteɪtoʊ]
2000,potential,[pəˈtenʃl]
2001,pound,[paʊnd]
2002,pour,[pɔːr]
2003,poverty,[ˈpɑːvərti]
2004,powder,[ˈpaʊdər]
2005,power,[ˈpaʊər]
2006,powerful,[ˈpaʊərfl]
2007,practical,[ˈpræktɪkl]
2008,practice,[ˈpræktɪs]
2009,practise,[ˈpræktɪs]
2010,praise,[preɪz]
2011,pray,[preɪ]
2012,prayer,[prer]
2013,predict,[prɪˈdɪkt]
2014,prediction,[prɪˈdɪkʃn]
2015,prefer,[prɪˈfɜːr]
2016,pregnant,[ˈpreɡnənt]
2017,preparation,[ˌprepəˈreɪʃn]
2018,prepare,[prɪˈper]
2019,prepared,[prɪˈperd]
2020,presence,[ˈprezns]
2021,present,[ˈpreznt]
2022,presentation,[ˌpriːzenˈteɪʃn]
2023,preserve,[prɪˈzɜːrv]
2024,president,[ˈprezɪdənt]
2025,press,[pres]
2026,pressure,[ˈpreʃər]
2027,pretend,[prɪˈtend]
2028,pretty,[ˈprɪti]
2029,prevent,[prɪˈvent]
2030,previous,[ˈpriːviəs]
2031,previously,[ˈpriːviəsli]
2032,price,[praɪs]
2033,priest,[priːst]
2034,primary,[ˈpraɪmeri]
2035,prime,[praɪm]
2036,prince,[prɪns]
2037,princess,[ˈprɪnses]
2038,principle,[ˈprɪnsəpl]
2039,print,[prɪnt]
2040,printer,[ˈprɪntər]
2041,printing,[ˈprɪntɪŋ]
2042,priority,[praɪˈɔːrəti]
2043,prison,[ˈprɪzn]
2044,prisoner,[ˈprɪznər]
2045,privacy,[ˈpraɪvəsi]
2046,private,[ˈpraɪvət]
2047,prize,[praɪz]
2048,probably,[ˈprɑːbəbli]
2049,problem,[ˈprɑːbləm]
2050,procedure,[prəˈsiːdʒər]
2051,process,[proˈsɛs;(for n.)prɑsɛs]
2052,produce,[prəˈduːs]
2053,producer,[prəˈduːsər]
2054,product,[ˈprɑːdʌkt]
2055,production,[prəˈdʌkʃn]
2056,profession,[prəˈfeʃn]
2057,professional,[prəˈfeʃənl]
2058,professor,[prəˈfesər]
2059,profile,[ˈproʊfaɪl]
2060,profit,[ˈprɑːfɪt]
2061,program,[ˈproʊɡræm]
2062,programme,[ˈproʊɡræm]
2063,progress,"[ˈprɑːɡres,ˈprɑːɡrəs]"
2064,project,[ˈprɑːdʒekt]
2065,promise,[ˈprɑːmɪs]
2066,promote,[prəˈmoʊt]
2067,pronounce,[prəˈnaʊns]
2068,proof,[pruːf]
2069,proper,[ˈprɑːpər]
2070,properly,[ˈprɑːpərli]
2071,property,[ˈprɑːpərti]
2072,proposal,[prəˈpoʊzl]
2073,propose,[prəˈpoʊz]
2074,prospect,[ˈprɑːspekt]
2075,protect,[prəˈtekt]
2076,protection,[prəˈtekʃn]
2077,protest,[prəˈtɛst;protɛst]
2078,proud,[praʊd]
2079,prove,[pruːv]
2080,provide,[prəˈvaɪd]
2081,psychologist,[saɪˈkɑːlədʒɪst]
2082,psychology,[saɪˈkɑːlədʒi]
2083,pub,[pʌb]
2084,public,[ˈpʌblɪk]
2085,publication,[ˌpʌblɪˈkeɪʃn]
2086,publish,[ˈpʌblɪʃ]
2087,pull,[pʊl]
2088,punish,[ˈpʌnɪʃ]
2089,punishment,[ˈpʌnɪʃmənt]
2090,pupil,[ˈpjuːpl]
2091,purchase,[ˈpɜːrtʃəs]
2092,pure,[pjʊr]
2093,purple,[ˈpɜːrpl]
2094,purpose,[ˈpɜːrpəs]
2095,pursue,[pərˈsuː]
2096,push,[pʊʃ]
2097,put,[pʊt]
2098,qualification,[ˌkwɑːlɪfɪˈkeɪʃn]
2099,qualified,[ˈkwɑːlɪfaɪd]
2100,qualify,[ˈkwɑːlɪfaɪ]
2101,quality,[ˈkwɑːləti]
2102,quantity,[ˈkwɑːntəti]
2103,quarter,[ˈkwɔːrtər]
2104,queen,[kwiːn]
2105,question,[ˈkwestʃən]
2106,queue,[kjuː]
2107,quick,[kwɪk]
2108,quickly,/ˈkwɪkli/ 
2109,quiet,[ˈkwaɪət]
2110,quietly,[ˈkwaɪətli] 
2111,quit,[kwɪt] 
2112,quite,[kwaɪt]
2113,quotation,[kwoʊˈteɪʃn]
2114,quote,[kwoʊt]
2115,race,[reɪs]
2116,race,[reɪs]
2117,racing,[ˈreɪsɪŋ]
2118,radio,[ˈreɪdioʊ]
2119,railway,[ˈreɪlweɪ]
2120,rain,[reɪn]
2121,raise,[reɪz]
2122,range,[reɪndʒ]
2123,rank,[ræŋk]
2124,rapid,[ˈræpɪd]
2125,rapidly,[ˈræpɪdli]
2126,rare,[rer]
2127,rarely,[ˈrerli]
2128,rate,[reɪt]
2129,rather,[ˈræðər]
2130,raw,[rɔː]
2131,reach,[riːtʃ] 
2132,react,[riˈækt]
2133,reaction, [riˈækʃn] 
2134,read,[riːd]
2135,reader,[ˈriːdər]
2136,reading,[ˈriːdɪŋ]
2137,ready,[ˈredi]
2138,real,[ˈriːəl]
2139,realistic,[ˌriːəˈlɪstɪk]
2140,reality,[riˈæləti]
2141,realize,[ˈriːəlaɪz]
2142,really,[ˈriːəli]
2143,reason,[ˈriːzn]
2144,reasonable,[ˈriːznəbl]
2145,recall,[rɪˈkɔːl]
2146,receipt,[rɪˈsiːt]
2147,receive,[rɪˈsiːv]
2148,recent,[ˈriːsnt]
2149,recently,[ˈriːsntli]
2150,reception,[rɪˈsepʃn]
2151,recipe,[ˈresəpi]
2152,recognize,[ˈrekəɡnaɪz]
2153,recommend,[ˌrekəˈmend]
2154,recommendation,[ˌrekəmenˈdeɪʃn]
2155,record,[ˈrekərd]
2156,recording,[rɪˈkɔːrdɪŋ]
2157,recover,[rɪˈkʌvər]
2158,recycle,[ˌriːˈsaɪkl]
2159,red,[red]
2160,reduce,[rɪˈduːs]
2161,reduction,[rɪˈdʌkʃn]
2162,refer,[rɪˈfɜːr]
2163,reference,[ˈrefrəns]
2164,reflect, [rɪˈflekt] 
2165,refuse,[ri'fjʊz]
2166,regard,[rɪˈɡɑːrd]
2167,region,[ˈriːdʒən]
2168,regional,[ˈriːdʒənl]
2169,register,[ˈredʒɪstər]
2170,regret, [rɪˈɡret] 
2171,regular,[ˈreɡjələr]
2172,regularly,[ˈreɡjələrli]
2173,regulation,[ˌreɡjuˈleɪʃn]
2174,reject,[rɪˈdʒekt]
2175,relate,[rɪˈleɪt]
2176,related, [rɪˈleɪtɪd] 
2177,relation,[rɪˈleɪʃn]
2178,relationship,[rɪˈleɪʃnʃɪp] 
2179,relative,[ˈrelətɪv]
2180,relatively,[ˈrelətɪvli]
2181,relax,[rɪˈlæks]
2182,relaxed,[rɪˈlækst]
2183,relaxing, [rɪˈlæksɪŋ] 
2184,release,[rɪˈliːs]
2185,relevant,[ˈreləvənt]
2186,reliable,[rɪˈlaɪəbl]
2187,relief,[rɪˈliːf]
2188,religion,[rɪˈlɪdʒən]
2189,religious,[rɪˈlɪdʒəs]
2190,rely,[rɪˈlaɪ]
2191,remain,[rɪˈmeɪn]
2192,remark,[rɪˈmɑːrk]
2193,remember,[rɪˈmembər]
2194,remind,[rɪˈmaɪnd] 
2195,remote,[rɪˈmoʊt]
2196,remove,[rɪˈmuːv]
2197,rent,[rent]
2198,repair,[rɪˈper]
2199,repeat,[rɪˈpiːt]
2200,repeated,[rɪˈpiːtɪd]
2201,replace,[rɪˈpleɪs]
2202,reply,[rɪˈplaɪ]
2203,report,[rɪˈpɔːrt]
2204,reporter,[rɪˈpɔːrtər]
2205,represent,[ˌreprɪˈzent]
2206,representative,[ˌreprɪˈzentətɪv]
2207,reputation,[ˌrepjuˈteɪʃn]
2208,request,[rɪˈkwest]
2209,require,[rɪˈkwaɪər]
2210,requirement,[rɪˈkwaɪərmənt]
2211,rescue,[ˈreskjuː]
2212,research,[ˈriːsɜːrtʃ] 
2213,researcher,"[ˈriːsɜːrtʃər,rɪˈsɜːrtʃər]"
2214,reservation,[ˌrezərˈveɪʃn]
2215,reserve,[rɪˈzɜːrv]
2216,resident,[ˈrezɪdənt]
2217,resist,[rɪˈzɪst]
2218,resolve,[rɪˈzɑːlv]
2219,resort,[rɪˈzɔːrt]
2220,resource,"[ˈriːsɔːrs,rɪˈsɔːrs]"
2221,respect,[rɪˈspekt]
2222,respond,[rɪˈspɑːnd]
2223,response,[rɪˈspɑːns]
2224,responsibility,[rɪˌspɑːnsəˈbɪləti] 
2225,responsible,[rɪˈspɑːnsəbl]
2226,rest,[rest]
2227,rest,[rest]
2228,restaurant,"[ˈrestrɑːnt,ˈrestərɑːnt]"
2229,result,[rɪˈzʌlt]
2230,retain,[rɪˈteɪn]
2231,retire,[rɪˈtaɪər]
2232,retired,[rɪˈtaɪərd]
2233,return,[rɪˈtɜːrn]
2234,reveal, [rɪˈviːl] 
2235,review,[rɪˈvjuː]
2236,revise,[rɪˈvaɪz]
2237,revolution,[ˌrevəˈluːʃn]
2238,reward,[rɪˈwɔːrd]
2239,rhythm,[ˈrɪðəm]
2240,rice,[raɪs]
2241,rich,[rɪtʃ]
2242,rid,[rɪd]
2243,ride,/raɪd/ 
2244,right,[raɪt]
2245,ring,[rɪŋ]
2246,ring,[rɪŋ]
2247,rise,[raɪz]
2248,risk,[rɪsk] 
2249,river,[ˈrɪvər]
2250,road,[roʊd]
2251,robot,[ˈroʊbɑːt] 
2252,rock,[rɑːk]
2253,rock,[rɑːk]
2254,role, [roʊl] 
2255,roll,[rəʊl]
2256,romantic,[roʊˈmæntɪk]
2257,roof,[ruːf]
2258,room,[ruːm]
2259,root,[ruːt]
2260,rope,[roʊp]
2261,rough,[rʌf]
2262,round,[raʊnd]
2263,route,"[ruːt,raʊt]"
2264,routine,[ruːˈtiːn]
2265,row,[roʊ; raʊ] 
2266,royal,[ˈrɔɪəl]
2267,rub,[rʌb]
2268,rubber,[ˈrʌbər]
2269,rubbish,[ˈrʌbɪʃ]
2270,rude,[ruːd]
2271,rugby,[ˈrʌɡbi]
2272,rule,[ruːl] 
2273,run,[rʌn]
2274,runner,[ˈrʌnər]
2275,running,[ˈrʌnɪŋ]
2276,rural,[ˈrʊrəl]
2277,rush,[rʌʃ] 
2278,sad,[sæd]
2279,sadly,[ˈsædli] 
2280,safe, [seɪf] 
2281,safety,[ˈseɪfti]
2282,sail,[seɪl]
2283,sailing,[ˈseɪlɪŋ]
2284,sailor,[ˈseɪlər]
2285,salad,[ˈsæləd]
2286,salary,[ˈsæləri]
2287,sale,[seɪl] 
2288,salt, [sɔːlt]
2289,same,[seɪm]
2290,sample,[ˈsæmpl]
2291,sand,[sænd]
2292,sandwich," [ˈsænwɪtʃ,ˈsænwɪdʒ] "
2293,satellite,[ˈsætəlaɪt]
2294,satisfied, [ˈsætɪsfaɪd] 
2295,satisfy,[ˈsætɪsfaɪ]
2296,Saturday,['sætədɛi]
2297,sauce,[sɔːs]
2298,save,[seɪv]
2299,saving,[ˈseɪvɪŋ]
2300,say,[seɪ]
2301,scale,[skeɪl]
2302,scan,[skæn]
2303,scared,[skerd]
2304,scary,[ˈskeri]
2305,scene,[siːn]
2306,schedule, [ˈskedʒuːl] 
2307,scheme,[skiːm]
2308,school,[skuːl]
2309,science,[ˈsaɪəns] 
2310,scientific,[ˌsaɪənˈtɪfɪk]
2311,scientist,[ˈsaɪəntɪst]
2312,score,[skɔːr]
2313,scream,[skriːm] 
2314,screen,[skriːn] 
2315,script, [skrɪpt] 
2316,sculpture,[ˈskʌlptʃər] 
2317,sea,[siː]
2318,search, [sɜːrtʃ] 
2319,season,[ˈsiːzn]
2320,seat,[siːt]
2321,second,['sɛkənd]
2322,second,['sɛkənd]
2323,secondary,[ˈsekənderi]
2324,secondly,[ˈsekəndli]
2325,secret,[ˈsiːkrət] 
2326,secretary,[ˈsekrəteri]
2327,section,[ˈsekʃn] 
2328,sector,[ˈsektər]
2329,secure,[sɪˈkjʊr]
2330,security,[sɪˈkjʊrəti]
2331,see,[siː] 
2332,seed,[siːd]
2333,seek,[siːk]
2334,seem,[siːm]
2335,select,[sɪˈlekt]
2336,selection,[sɪˈlekʃn]
2337,self,[self] 
2338,sell,[sel]
2339,send,[send]
2340,senior, [ˈsiːniər] 
2341,sense,[sens]
2342,sensible,[ˈsensəbl]
2343,sensitive,[ˈsensətɪv]
2344,sentence,[ˈsentəns]
2345,separate,[ˈseprət]
2346,September,[sepˈtembər]
2347,sequence,[ˈsiːkwəns]
2348,series,[ˈsɪriːz]
2349,serious,[ˈsɪriəs]
2350,seriously,[ˈsɪriəsli]
2351,servant, [ˈsɜrvənts] 
2352,serve,[sɜːrv]
2353,service,[ˈsɜːrvɪs]
2354,session,[ˈseʃn]
2355,set,[set]
2356,set,[set]
2357,setting,[ˈsetɪŋ]
2358,settle,[ˈsetl]
2359,seven,[ˈsevn]
2360,seventeen,[ˌsevnˈtiːn]
2361,seventy,[ˈsevnti]
2362,several,[ˈsevrəl]
2363,severe,[sɪˈvɪr]
2364,sex,[seks]
2365,sexual,[ˈsekʃuəl]
2366,shade,[ʃeɪd]
2367,shadow,[ˈʃædoʊ]
2368,shake,[ʃeɪk]
2369,shall,"[ʃəl,ʃæl] "
2370,shallow,[ˈʃæloʊ]
2371,shame,[ʃeɪm]
2372,shape,[ʃeɪp]
2373,share,[ʃer]
2374,sharp,[ʃɑːrp] 
2375,she,[ʃi]
2376,sheep,[ʃiːp]
2377,sheet,[ʃiːt]
2378,shelf,[ʃelf]
2379,shell,[ʃel]
2380,shelter,[ˈʃeltər]
2381,shift,[ʃɪft]
2382,shine,[ʃaɪn]
2383,shiny,[ˈʃaɪni]
2384,ship,[ʃɪp]
2385,shirt,[ʃɜːrt]
2386,shock,[ʃɑːk]
2387,shocked,[ʃɑːkt]
2388,shoe,[ʃuː]
2389,shoot,[ʃuːt]
2390,shooting,[ˈʃuːtɪŋ]
2391,shop,[ʃɑːp]
2392,shopping,[ˈʃɑːpɪŋ]
2393,short,[ʃɔːrt]
2394,shot,[ʃɑːt]
2395,should,"[ʃəd,ʃʊd]"
2396,shoulder,[ˈʃoʊldər]
2397,shout,[ʃaʊt]
2398,show,[ʃoʊ]
2399,shower,[ˈʃaʊər]
2400,shut,[ʃʌt]
2401,shy,[ʃaɪ]
2402,sick,[sɪk] 
2403,side,[saɪd]
2404,sight,[saɪt]
2405,sign,[saɪn]
2406,signal,[ˈsɪɡnəl]
2407,significant,[sɪɡˈnɪfɪkənt]
2408,significantly,[sɪɡˈnɪfɪkəntli]
2409,silence,[ˈsaɪləns]
2410,silent,[ˈsaɪlənt] 
2411,silk,[sɪlk]
2412,silly,[ˈsɪli]
2413,silver,[ˈsɪlvər]
2414,similar,[ˈsɪmələr]
2415,similarity,[ˌsɪməˈlærəti]
2416,similarly,[ˈsɪmələrli]
2417,simple,[ˈsɪmpl]
2418,simply,[ˈsɪmpli]
2419,since,[sɪns]
2420,sincere, [sɪnˈsɪr]
2421,sing,[sɪŋ] 
2422,singer,[ˈsɪŋər]
2423,singing,[ˈsɪŋɪŋ]
2424,single,[ˈsɪŋɡl]
2425,sink,[sɪŋk]
2426,sir,"[sɜːr,sər]"
2427,sister,[ˈsɪstər]
2428,sit,[sɪt]
2429,site,[saɪt]
2430,situation,[ˌsɪtʃuˈeɪʃn]
2431,six,[sɪks]
2432,sixteen,[ˌsɪksˈtiːn]
2433,sixty,[ˈsɪksti]
2434,size,[saɪz] 
2435,ski,[skiː]
2436,skiing,[ˈskiːɪŋ]
2437,skill,[skɪl]
2438,skin,[skɪn] 
2439,skirt,[skɝt]
2440,sky,[skaɪ]
2441,slave,[sleɪv]
2442,sleep,[sliːp]
2443,slice,[slaɪs]
2444,slide,[slaɪd]
2445,slight,[slaɪt]
2446,slightly,[ˈslaɪtli]
2447,slip, [slɪp] 
2448,slope,[sloʊp]
2449,slow,[sloʊ]
2450,slowly,[ˈsloʊli]
2451,small, [smɔːl] 
2452,smart, [smɑːrt] 
2453,smartphone,[ˈsmɑːrtfoʊn]
2454,smell,[smel]
2455,smile,[smaɪl] 
2456,smoke,[smoʊk]
2457,smoking,[ˈsmoʊkɪŋ]
2458,smooth,[smuːð]
2459,snake,[sneɪk]
2460,snow,[snoʊ]
2461,so,[soʊ]
2462,soap,[soʊp]
2463,soccer, [ˈsɑːkər] 
2464,social,[ˈsoʊʃl] 
2465,society, [səˈsaɪəti] 
2466,sock,[sɑːk]
2467,soft, [sɔːft] 
2468,software,[ˈsɔːftwer]
2469,soil,[sɔɪl]
2470,solar, [ˈsoʊlər] 
2471,soldier,[ˈsoʊldʒər]
2472,solid,[ˈsɑːlɪd] 
2473,solution,[səˈluːʃn]
2474,solve, [sɑːlv] 
2475,some,[səm]
2476,somebody,[ˈsʌmbədi]
2477,someone,[ˈsʌmwʌn]
2478,something,[ˈsʌmθɪŋ]
2479,sometimes,[ˈsʌmtaɪmz]
2480,somewhat,[ˈsʌmwʌt]
2481,somewhere,[ˈsʌmwer]
2482,son,[sʌn]
2483,song,[ˈsʌmwer]
2484,soon,[suːn]
2485,sorry,[ˈsɑːri]
2486,sort,[sɔːrt]
2487,soul,[ˈsaʊər]
2488,sound,[saʊnd]
2489,soup,[suːp] 
2490,source,[sɔːrs]
2491,south,[saʊθ]
2492,southern,[ˈsʌðərn]
2493,space,[speɪs]
2494,speak,[spiːk]
2495,speaker,[ˈspiːkər]
2496,special,[ˈspeʃl] 
2497,specialist,[ˈspeʃəlɪst]
2498,species,[ˈspiːʃiːz]
2499,specific,[spəˈsɪfɪk]
2500,specifically,[spəˈsɪfɪkli]
2501,speech,[spiːtʃ]
2502,speed,[spiːd]
2503,spell,[spel]
2504,spelling,[ˈspelɪŋ]
2505,spend, [spend] 
2506,spending,[ˈspendɪŋ]
2507,spicy,[ˈspaɪsi] 
2508,spider,[ˈspaɪdər] 
2509,spirit,[ˈspɪrɪt]
2510,spiritual,[ˈspɪrɪtʃuəl]
2511,split,[splɪt] 
2512,spoken,[ˈspoʊkən]
2513,sponsor,[ˈspɑːnsər]
2514,spoon,[spuːn]
2515,sport,[spɔːrt]
2516,spot,[spɑːt]
2517,spread,[spred]
2518,spring,[sprɪŋ] 
2519,square,[skwer] 
2520,stable,[ˈsteɪbl]
2521,stadium,[ˈsteɪdiəm]
2522,staff,[stæf]
2523,stage,[steɪdʒ] 
2524,stair,[ster]
2525,stamp,[stæmp]
2526,stand,[stænd]
2527,standard,[ˈstændərd]
2528,star,[stɑːr]
2529,stare,[ster]
2530,start,[stɑːrt]
2531,state,[steɪt]
2532,statement,[ˈsteɪtmənt]
2533,station,[ˈsteɪʃn]
2534,statistic,[stəˈtɪstɪk]
2535,statue,[ˈstætʃuː]
2536,status,"[ˈsteɪtəs,ˈstætəs]"
2537,stay,[steɪ]
2538,steady,[ˈstedi]
2539,steal,[stiːl] 
2540,steel,[stiːl]
2541,steep,[stiːp]
2542,step,[step]
2543,stick,[stɪk]
2544,stick,[stɪk]
2545,sticky,[ˈstɪki]
2546,stiff,[stɪf]
2547,still,[stɪl]
2548,stock,[stɑːk]
2549,stomach,[ˈstʌmək]
2550,stone,[stoʊn]
2551,stop,[stɑːp]
2552,store,[stɔːr] 
2553,storm,[stɔːrm]
2554,story,[ˈstɔːri]
2555,straight,[streɪt]
2556,strange,[streɪndʒ] 
2557,stranger,[ˈstreɪndʒər]
2558,strategy,[ˈstrætədʒi]
2559,stream,[striːm]
2560,street,[striːt]
2561,strength,[streŋθ]
2562,stress, [stres] 
2563,stretch,[stretʃ]
2564,strict,[strɪkt]
2565,strike,[straɪk]
2566,string,[strɪŋ]
2567,strong,[strɔːŋ]
2568,strongly,[ˈstrɔːŋli]
2569,structure,[ˈstrʌktʃər]
2570,struggle,[ˈstrʌɡl]
2571,student,[ˈstʌdi]
2572,studio,[ˈstuːdioʊ]
2573,study,[ˈstʌdi]
2574,stuff,[stʌf]
2575,stupid,[ˈstuːpɪd]
2576,style,[staɪl] 
2577,subject,"[ˈsʌbdʒɪkt,ˈsʌbdʒekt]"
2578,submit,[səbˈmɪt]
2579,substance,[ˈsʌbstəns]
2580,succeed,[səkˈsiːd]
2581,success,[səkˈses]
2582,successful,[səkˈsesfl] 
2583,successfully,[səkˈsesfəli]
2584,such,[sʌtʃ]
2585,sudden,[ˈsʌdn] 
2586,suddenly,[ˈsʌdənli]
2587,suffer,[ˈsʌfər]
2588,sugar,[ˈʃʊɡər]
2589,suggest,"[səˈdʒest,səɡˈdʒest]"
2590,suggestion,"[səˈdʒestʃən,səɡˈdʒestʃən]"
2591,suit,[suːt]
2592,suitable,[ˈsuːtəbl]
2593,sum,[sʌm]
2594,summarize,[ˈsʌməraɪz]
2595,summary,[ˈsʌməri]
2596,summer,[ˈsʌmər]
2597,sun,[sʌn]
2598,Sunday,"[ˈsʌndeɪ,ˈsʌndi]"
2599,supermarket,[ˈsuːpərmɑːrkɪt]
2600,supply,[səˈplaɪ]
2601,support,[səˈpɔːrt]
2602,supporter,[səˈpɔːrtər]
2603,suppose,[səˈpoʊz]
2604,sure,[ʃʊr]
2605,surely,[ˈʃʊrli]
2606,surface,[ˈsɜːrfɪs]
2607,surgery, [ˈsɜːrdʒəri] 
2608,surprise,[sərˈpraɪz]
2609,surprised,[sərˈpraɪzd]
2610,surprising,[sərˈpraɪzɪŋ]
2611,surround,[səˈraʊnd]
2612,surrounding,[səˈraʊndɪŋ]
2613,survey,[ˈsɜːrveɪ]
2614,survive,[sərˈvaɪv]
2615,suspect,[səˈspekt]
2616,swear,[swer]
2617,sweater,[ˈswetər]
2618,sweep,[swiːp]
2619,sweet,[swiːt]
2620,swim, [swɪm] 
2621,swimming,[ˈswɪmɪŋ]
2622,switch, [swɪtʃ]
2623,symbol,[ˈsɪmbl]
2624,sympathy,[ˈsɪmpəθi]
2625,symptom,[ˈsɪmptəm]
2626,system,[ˈsɪstəm]
2627,table,[ˈteɪbl]
2628,tablet,[ˈtæblət]
2629,tail,[teɪl]
2630,take,[teɪk]
2631,tale,[teɪl]
2632,talent, [ˈtælənt] 
2633,talented,[ˈtæləntɪd]
2634,talk,[tɔːk]
2635,tall,[tɔːl] 
2636,tank,[tæŋk] 
2637,tape,[teɪp]
2638,target,[ˈtɑːrɡɪt]
2639,task,[tæsk]
2640,taste,[teɪst]
2641,tax,[tæks]
2642,taxi,[ˈtæksi]
2643,tea,[tiː]
2644,teach, [tiːtʃ]
2645,teacher,[ˈtiːtʃər] 
2646,teaching,[ˈtiːtʃɪŋ]
2647,team,[tiːm]
2648,tear, [(for v.) ˈter; (for n.) ˈtir] 
2649,tear, [(for v.) ˈter; (for n.) ˈtir] 
2650,technical,[ˈteknɪkl]
2651,technique,[tekˈniːk]
2652,technology,[tekˈnɑːlədʒi]
2653,teenage,[ˈtiːneɪdʒ]
2654,teenager,[ˈtiːneɪdʒər]
2655,telephone,[ˈtelɪfoʊn]
2656,television,[ˈtelɪvɪʒn] 
2657,tell,[tel]
2658,temperature,"[ˈtemprətʃər,ˈtemprətʃʊr]"
2659,temporary,[ˈtempəreri]
2660,ten,[ten] 
2661,tend,[tend]
2662,tennis, [ˈtenɪs] 
2663,tent,[tent]
2664,term,[tɜːrm]
2665,terrible,[ˈterəbl]
2666,test,[test]
2667,text,[tekst]
2668,than,[ðən]
2669,thank,[θæŋk]
2670,thanks, [θæŋks] 
2671,that,[ðæt]
2672,the,[ðə]
2673,theatre,[ˈθiədər]
2674,their,[ðer]
2675,theirs,[ðerz]
2676,them,[ðəm]
2677,theme,[θiːm]
2678,themselves,[ðəmˈselvz]
2679,then,[ðen]
2680,theory,[ˈθiːəri] 
2681,therapy,[ˈθerəpi]
2682,there,[ðer]
2683,therefore,[ˈðerfɔːr]
2684,they,[ðeɪ]
2685,thick,[θɪk]
2686,thief,[θiːf]
2687,thin,[θɪn]
2688,thing,[θɪŋ]
2689,think,[θɪŋk] 
2690,thinking,[ˈθɪŋkɪŋ]
2691,third, [θɜːrd]
2692,thirsty,[ˈθɜːrti]
2693,thirteen,[ˌθɜːrˈtiːn]
2694,thirty,[ˈθɜːrti]
2695,this,[ðɪs]
2696,though,[ðoʊ]
2697,thought,[θɔːt]
2698,thousand,[ˈθaʊznd] 
2699,threat,[θret]
2700,threaten,[ˈθretn]
2701,three,[θriː]
2702,throat,[θroʊt] 
2703,through,[θruː]
2704,throughout,[θruːˈaʊt]
2705,throw,[θroʊ]
2706,Thursday, [ˈθɜːrzdeɪ] 
2707,thus,[ðʌs]
2708,ticket,[ˈtɪkɪt]
2709,tidy,[ˈtaɪdi]
2710,tie,[taɪ] 
2711,tight,[taɪt]
2712,till,[tɪl]
2713,time,[taɪm]
2714,tin,[tɪn]
2715,tiny,[ˈtaɪni]
2716,tip, [tɪp] 
2717,tired,[ˈtaɪərd]
2718,title,[ˈtaɪtl]
2719,to,[tuː]
2720,today,[təˈdeɪ]
2721,toe,[toʊ]
2722,together,[təˈɡeðər]
2723,toilet,[ˈtɔɪlət] 
2724,tomato,[təˈmeɪtoʊ]
2725,tomorrow,[təˈmɑːroʊ]
2726,tone, [toʊn] 
2727,tongue,[tʌŋ]
2728,tonight,[təˈnaɪt]
2729,too,[tuː] 
2730,tool,[tuːl]
2731,tooth,[tuːθ]
2732,top,[tɑːp]
2733,topic,[ˈtɑːpɪk]
2734,total,[ˈtoʊtl]
2735,totally,[ˈtoʊtəli]
2736,touch,[tʌtʃ]
2737,tough,[tʌf]
2738,tour,[tʊr] 
2739,tourism,[ˈtʊrɪzəm]
2740,tourist,[ˈtʊrɪst]
2741,towards,[tɔːrdz]
2742,towel, [ˈtaʊəl] 
2743,tower,[ˈtaʊər]
2744,town,[taʊn]
2745,toy, [tɔɪ] 
2746,track,[træk]
2747,trade,[treɪd]
2748,tradition,[trəˈdɪʃn]
2749,traditional,[trəˈdɪʃənl]
2750,traffic, [ˈtræfɪk] 
2751,train,[treɪn]
2752,trainer,[ˈtreɪnər]
2753,training,[ˈtreɪnɪŋ]
2754,transfer,[trænsˈfɜːr]
2755,transform,[trænsˈfɔːrm]
2756,transition,"[trænˈzɪʃn,trænˈsɪʃn]"
2757,translate,"[trænzˈleɪt,trænsˈleɪt]"
2758,translation,"[trænzˈleɪʃn,trænsˈleɪʃn]"
2759,transport,[ˈtrænspɔːrt]
2760,travel, [ˈtrævl] 
2761,traveller,[ˈtrævələr]
2762,treat,[triːt]
2763,treatment,[ˈtriːtmənt]
2764,tree,[triː]
2765,trend,[trend]
2766,trial,[ˈtraɪəl]
2767,trick,[trɪk]
2768,trip,[trɪp]
2769,tropical,[ˈtrɑːpɪkl]
2770,trouble,[ˈtrʌbl]
2771,trousers,[ˈtraʊzərz]
2772,truck,[trʌk]
2773,true,[truː]
2774,truly, [ˈtruːli] 
2775,trust,[trʌst]
2776,truth,[truːθ]
2777,try,[traɪ]
2778,T-shirt,[ˈtiː ʃɜːrt]
2779,tube,[tuːb]
2780,Tuesday,['tjʊzdɛi]
2781,tune,[tuːn]
2782,tunnel,[ˈtʌnl]
2783,turn,[tɜːrn]
2784,TV,[ˌtiː ˈviː]
2785,twelve,[twelv]
2786,twenty,[ˈtwenti]
2787,twice,[twaɪs]
2788,twin,[twɪn] 
2789,two,[tuː] 
2790,type, [taɪp] 
2791,typical,[ˈtɪpɪkl]
2792,typically,[ˈtɪpɪkli]
2793,tyre,[ˈtaɪər]
2794,ugly,[ˈʌɡli]
2795,ultimately,[ˈʌltɪmətli]
2796,umbrella,[ʌmˈbrelə]
2797,unable,[ʌnˈeɪbl]
2798,uncle,[ˈʌŋkl]
2799,uncomfortable,"[ʌnˈkʌmftəbl,ʌnˈkʌmfərtəbl] "
2800,unconscious,[ʌnˈkɑːnʃəs]
2801,under,[ˈʌndər]
2802,underground,[ˌʌndərˈɡraʊnd]
2803,understand,[ˌʌndərˈstænd]
2804,understanding,[ˌʌndərˈstændɪŋ]
2805,underwear,[ˈʌndərwer]
2806,unemployed,[ˌʌnɪmˈplɔɪd]
2807,unemployment,[ˌʌnɪmˈplɔɪmənt]
2808,unexpected,[ˌʌnɪkˈspektɪd]
2809,unfair,[ˌʌnˈfer]
2810,unfortunately,[ʌnˈfɔːrtʃənətli] 
2811,unhappy,[ʌnˈhæpi]
2812,uniform,[ˈjuːnɪfɔːrm]
2813,union,[ˈjuːniən]
2814,unique,[juˈniːk]
2815,unit,[ˈjuːnɪt]
2816,united,[juˈnaɪtɪd]
2817,universe,[ˈjuːnɪvɜːrs]
2818,university,[ˌjuːnɪˈvɜːrsəti]
2819,unknown,[ˌʌnˈnoʊn]
2820,unless,[ənˈles]
2821,unlike, [ˌʌnˈlaɪk] 
2822,unlikely,[ʌnˈlaɪkli]
2823,unnecessary,[ʌnˈnesəseri]
2824,unpleasant,[ʌnˈpleznt]
2825,until,[ənˈtɪl] 
2826,unusual,"[ʌnˈjuːʒuəl,ʌnˈjuːʒəl]"
2827,up,[ʌp]
2828,update,[ˌʌpˈdeɪt]
2829,upon,[əˈpɑːn]
2830,upper,[ˈʌpər]
2831,upset,[ʌpˈset]
2832,upstairs,[ˌʌpˈsterz]
2833,upwards,[ˈʌpwərdz]
2834,urban,[ˈɜːrbən]
2835,urge,[ɜːrdʒ]
2836,us,[əs]
2837,use,[juːz]
2838,used,[just]
2839,used,[just]
2840,used,[just]
2841,useful,[ˈjuːsfl]
2842,user,[ˈjuːzər]
2843,usual,"[ˈjuːʒuəl,ˈjuːʒəl]"
2844,usually,[ˈjuːʒuəli]
2845,vacation,[veɪˈkeɪʃn]
2846,valley,[ˈvæli]
2847,valuable,[ˈvæljuəbl]
2848,value,[ˈvæljuː]
2849,van,[væn]
2850,variety,[vəˈraɪəti]
2851,various,"[ˈveriəs,ˈværiəs]"
2852,vary,"[ˈveri,ˈværi]"
2853,vast, [væst]
2854,vegetable,[ˈvedʒtəbl]
2855,vehicle,"[ˈviːəkl,ˈviːhɪkl]"
2856,venue,[ˈvenjuː]
2857,version,[ˈvɜːrʒn]
2858,very,[ˈveri]
2859,via,"[ˈvaɪə,ˈviːə]"
2860,victim,[ˈvɪktɪm]
2861,victory,[ˈvɪktəri]
2862,video,[ˈvɪdioʊ]
2863,view,[vjuː]
2864,viewer,[ˈvjuːər]
2865,village, [ˈvɪlɪdʒ] 
2866,violence,[ˈvaɪələns]
2867,violent,[ˈvaɪələnt]
2868,virtual,[ˈvɜːrtʃuəl]
2869,virus,[ˈvaɪrəs]
2870,vision,[ˈvɪʒn]
2871,visit,[ˈvɪzɪt] 
2872,visitor,[ˈvɪzɪtər]
2873,visual,[ˈvɪʒuəl]
2874,vital,[ˈvaɪtl]
2875,vitamin,[ˈvaɪtəmɪn]
2876,voice,[vɔɪs] 
2877,volume, [ˈvɑːljuːm]
2878,volunteer,[ˌvɑːlənˈtɪr]
2879,vote,[voʊt]
2880,wage,[weɪdʒ]
2881,wait,[weɪt]
2882,waiter, [ˈweɪtər]
2883,wake,[weɪk]
2884,walk,[wɔːk]
2885,wall,[wɔːl]
2886,want,[wɑːnt]
2887,war,[wɔːr]
2888,warm,[wɔːrm]
2889,warn,[wɔːrn]
2890,warning,[ˈwɔːrnɪŋ]
2891,wash, [wɑːʃ] 
2892,washing,[ˈwɑːʃɪŋ]
2893,waste,[weɪst]
2894,watch,[wɑːtʃ]
2895,water,[ˈwɔːtər] 
2896,wave,[weɪv]
2897,way,[weɪ]
2898,we,[wi]
2899,weak,[wiːk]
2900,weakness,[ˈwiːknəs]
2901,wealth,[welθ]
2902,wealthy,[ˈwelθi]
2903,weapon,[ˈwepən]
2904,wear,[wer]
2905,weather,[ˈweðər]
2906,web,[web]
2907,website,[ˈwebsaɪt]
2908,wedding,[ˈwedɪŋ]
2909,Wednesday,['wɛnzdɛi]
2910,week,[wiːk] 
2911,weekend,[ˈwiːkend]
2912,weigh,[weɪ]
2913,weight,[weɪt]
2914,welcome,[ˈwelkəm] 
2915,well,[wel]
2916,west, [west]
2917,western, [ˈwestərn] 
2918,wet, [wet] 
2919,what,[wʌt]
2920,whatever,[wətˈevər]
2921,wheel, [wiːl] 
2922,when,[wen]
2923,whenever,[wenˈevər]
2924,where,[wer]
2925,whereas,[ˌwerˈæz]
2926,wherever,[werˈevər]
2927,whether,[ˈweðər] 
2928,which,[wɪtʃ]
2929,while,[waɪl]
2930,whisper,[ˈwɪspər]
2931,white,[waɪt]
2932,who,[huː]
2933,whole,[hoʊl]
2934,whom,[huːm]
2935,whose,[huːz]
2936,why,[waɪ]
2937,wide,[waɪd]
2938,widely,[ˈwaɪdli]
2939,wife,[waɪf]
2940,wild,[waɪld] 
2941,wildlife,[ˈwaɪldlaɪf]
2942,will, [wɪl] 
2943,willing,[ˈwɪlɪŋ]
2944,win,[wɪn]
2945,wind,[wɪnd; waɪnd]
2946,wind,[wɪnd; waɪnd]
2947,window,[ˈwɪndoʊ]
2948,wine,[waɪn] 
2949,wing,[wɪŋ]
2950,winner, [ˈwɪnər]
2951,winter,[ˈwɪntər]
2952,wire,[ˈwaɪər]
2953,wise,[waɪz] 
2954,wish,[wɪʃ]
2955,with,[wɪð]
2956,within,[wɪˈðɪn]
2957,without,[wɪˈðaʊt]
2958,witness,[ˈwɪtnəs]
2959,woman,[ˈwʊmən]
2960,wonder,[ˈwʌndər]
2961,wonderful,[ˈwʌndərfl]
2962,wood, [wʊd] 
2963,wooden, [ˈwʊdn]
2964,wool, [wʊl]
2965,word,[wɜːrd]
2966,work,[wɜːrk]
2967,worker,[ˈwɜːrkər]
2968,working,[ˈwɜːrkɪŋ]
2969,world,[wɜːrld]
2970,worldwide,[ˌwɜːrldˈwaɪd]
2971,worried, [ˈwɜːrid]
2972,worry,[ˈwɜːri]
2973,worse,[wɜːrs] 
2974,worst, [wɜːrst]
2975,worth,[wɜːrθ]
2976,would,[wʊd]
2977,wound,[wund]
2978,wow, [waʊ]
2979,wrap,[ræp]
2980,write,[raɪt]
2981,writer, [ˈraɪtər]
2982,writing, [ˈraɪtɪŋ]
2983,written, [ˈrɪtn]
2984,wrong,[rɔːŋ]
2985,yard,[jɑːrd]
2986,yeah,[jeə]
2987,year,[jɪr]
2988,yellow,[ˈjeloʊ]
2989,yes,[jes]
2990,yesterday,"[ˈjestərdeɪ,ˈjestərdi]"
2991,yet,[jet]
2992,you,[juː]
2993,young,[jʌŋ]
2994,your,[jʊr]
2995,yours,[jərz]
2996,yourself,[jɔːrˈself]
2997,youth, [juːθ]
2998,zero,[ˈzɪroʊ] 
2999,zone,[zoʊn]
